slug,name,status,founded_year,hq,website,sectors,one_liner,total_raised_m,latest_valuation_m,latest_round,latest_round_date,business_model,revenue_signals,key_customers,employee_count,team_china_profile,confidence,last_updated
01-ai,01.AI,active,2023,"Beijing, China",https://www.01.ai/,Artificial Intelligence; Large Language Models; Enterprise AI,,300.0,1000.0,,,,,,,,Medium — funding details beyond headline numbers are sparse; post-pivot financials are not publicly disclosed.,2026-03-20
11x,11x,active,2022,"San Francisco, CA (originally London, UK)",11x.ai,AI; Sales Automation; Digital Workers,,,350.0,,,,,,48,,medium,2026-03-20
1x-technologies,1X Technologies,active,2014,"Palo Alto, California, USA",https://www.1x.tech,Humanoid Robotics; Embodied AI,,,,,,,,,,,medium,2026-03-20
7ai,7AI,active,2024,"Boston, MA",https://7ai.com,AI; Cybersecurity; Agentic Security,,166.0,700.0,,,,,,,,medium,2026-03-20
aaru,Aaru,active,2024,"New York, NY",aaru.com,AI; Synthetic Research; Market Research,,,,,,,,,,,medium,2026-03-20
abnormal-security,Abnormal AI,active,2018,"San Francisco, CA",https://abnormal.ai,cybersecurity; email security; behavioral AI,"AI-native email and cloud security platform that uses behavioral AI to stop social engineering attacks, founded by former Twitter/TellApart ML leaders.",546.0,5100.0,,,"Subscription-based SaaS, sold via enterprise sales motion. Pricing is per-user, per-year (reported starting at ~$35/user/year as of 2021; likely higher for current plans). API-based integration with Microsoft 365 and Google Workspace -- deploys in minutes without MX record changes. Land-and-expand strategy: starts with inbound email security, upsells to account takeover protection, security posture management, and multi-app coverage (Slack, Zoom, Workday, ServiceNow).","$200M+ ARR as of August 2024, representing 100% year-over-year growth. Doubled from ~$100M ARR in mid-2023. Company has stated ambition to reach $1B ARR. Exact 2025-2026 ARR figures not publicly disclosed, but trajectory suggests $300-400M+ ARR range (uncertain).","15% of the Fortune 500; 5%+ of the Fortune 1000; 2,000+ enterprise customers (as of mid-2024); Named customers include Maersk, Xerox, Mattel; Universities including Brown University and Adelphi University",,No known Chinese-origin founders. The founding team is American/Indian-American with strong ML and ad-tech backgrounds from Twitter/TellApart. No significant public China connections.,medium-high,2026-03-20
abridge,Abridge,active,2018,"Pittsburgh, PA (with San Francisco presence)",,AI Medical Documentation; Ambient Clinical Intelligence,,750.0,5300.0,,,,,,,,medium,2026-03-20
adept-ai,Adept AI,acquired,2022,"San Francisco, CA",https://www.adept.ai,AI Agents; Enterprise Automation,,415.0,,,,,,,,,high,2026-03-20
agility-robotics,Agility Robotics,active,2015,"Salem, Oregon, USA",https://www.agilityrobotics.com,humanoid-robotics; warehouse-automation; logistics,,,2100.0,Series C,,,,,332,,medium,2026-03-20
ai21-labs,AI21 Labs,acquired,2017,"Tel Aviv, Israel",https://www.ai21.com,Enterprise AI; Foundation Models,,,1400.0,,,,,,230,,medium-high,2026-03-20
aleph-alpha,Aleph Alpha,active,,,,,,,,,,,,,,,low,2026-03-20
all-hands-ai,All Hands AI (OpenHands),active,2024,"Somerville, MA",https://openhands.dev,AI-Powered Developer Tools,,23.8,,,,,,,15,,high,2026-03-20
anduril,Anduril Industries,active,2017,"Costa Mesa, California",https://www.anduril.com,defense-govtech; robotics; autonomous-vehicles,AI-powered autonomous defense systems and software platform for national security.,7000.0,60000.0,,,"Product-first defense contractor. Anduril self-funds R&D to build products before seeking government contracts, then sells as commercial items at firm fixed prices -- the opposite of the traditional cost-plus model. This gives them 40-45% gross margins vs. 8-10% for legacy defense primes. Revenue comes from hardware sales (drones, autonomous vehicles, sensors), software licensing (Lattice OS), and long-term government contracts.","~$1B revenue in 2024 (doubled YoY). Sacra estimates ~$2.1B in 2025. Major contracts include: $22B IVAS program (via Microsoft partnership, Feb 2024), $642M Marine Corps counter-drone contract, $99.6M Army C2 prototype (July 2025). Revenue growth trajectory is approximately 100%+ YoY. [Confidence: medium -- revenue figures are estimates from third-party sources, not official disclosures.]","U.S. Department of Defense (Army, Navy, Marine Corps, SOCOM, etc.); U.S. Customs and Border Protection (CBP); U.S. Intelligence Community; UK Ministry of Defence; Royal Australian Navy; Allied Five Eyes nations",,"No China connection. All five co-founders are American. Three come from Palantir (Schimpf, Stephens, Grimm overlap with national security community); Luckey and Chen come from Oculus/VR. Company works exclusively on US and allied defense.",high,2026-03-20
anomalo,Anomalo,active,2018,"San Francisco, California, USA",https://www.anomalo.com,AI Data Quality & Observability,,,,,,,,,,,medium,2026-03-20
anthropic,Anthropic,active,2021,"San Francisco, CA",https://www.anthropic.com,AI safety; foundation models; enterprise AI,"AI safety company building Claude, the leading enterprise LLM, founded by ex-OpenAI researchers.",67300.0,380000.0,,,"API-first, pay-per-token pricing (enterprise and developer). ~85% of revenue from business customers via API. Also offers Claude.ai consumer/pro subscriptions and Claude Code (developer tool). AWS Bedrock is a key distribution channel. Charges premium pricing relative to competitors.",$19B annualized revenue as of March 2026. $9B ARR at end of 2025. Claude Code alone at $2.5B annualized revenue (Feb 2026). 500+ customers spending >$1M/year. Targeting $20-26B ARR for 2026 and $70B by 2028.,"8 of the Fortune 10; Deloitte (470,000+ employees deployed); European Parliament; Novo Nordisk; SK Telecom; Commonwealth Bank of Australia; 300,000+ business customers total (as of Oct 2025)",,No known Chinese-origin founders. The team is predominantly American/Canadian with strong academic physics and ML research backgrounds. No significant public China connections.,high,2026-03-20
anysphere-cursor,Anysphere,active,2022,"San Francisco, CA",https://cursor.com,AI-Powered Developer Tools,,,,,,,,,,,medium,2026-03-20
applied-intuition,Applied Intuition,active,2017,"Mountain View, California",https://www.appliedintuition.com,autonomous-vehicles; simulation; defense-govtech,"AI-powered simulation, validation, and deployment platform for autonomous vehicles and defense autonomy systems.",1200.0,15000.0,,,"B2B SaaS. Applied Intuition sells simulation, validation, and deployment software to automotive OEMs and defense organizations developing autonomous systems. Revenue comes from annual software licenses priced by number of engineering seats, scale of simulation workloads, and specific modules deployed. Gross margins are reported at approximately 85%. The company has expanded from pure simulation into full-stack autonomy software (SDS for Automotive) and defense autonomy (Axion/Acuity), broadening its addressable market from tooling into platform/stack sales.","~$415M ARR in 2024 (100% YoY growth from ~$207M in 2023). Reported ~$800M in revenue in 2025, roughly doubling again. Company reportedly forecasted ARR approaching $1B by end of 2025. [Confidence: medium -- revenue figures are from Sacra estimates and press reports, not official SEC filings.]","18 of the top 20 global automakers; U.S. Department of Defense (multiple programs across land, air, sea, space); Major trucking, construction, mining, and agriculture companies; Porsche (strategic investor via Series E); Sierra Nevada Corporation (SNC) -- defense autonomy partnership (Dec 2025)",1400,No known China connection. Both co-founders have American automotive industry roots (Detroit/Michigan). Younis is Pakistani American; Ludwig is American. Company works with US DoD and allied defense. No Chinese investors identified in any funding round.,high,2026-03-20
apptronik,Apptronik,active,2016,"Austin, Texas",https://apptronik.com,Humanoid Robotics; AI,,935.0,5500.0,,,,,,264,,medium,2026-03-20
appzen,AppZen,active,2012,"San Jose, CA",https://www.appzen.com,AI; Fintech; Autonomous Finance,,290.0,,,,,,,378,,medium,2026-03-20
arena,Arena,active,2023,"San Francisco Bay Area, CA (originated from UC Berkeley)",https://arena.ai,AI evaluation; LLM benchmarking; crowdsourced evaluation,,,,,,,,,11,,medium,2026-03-20
artisan-ai,Artisan AI,active,2023,"San Francisco, CA",artisan.co,AI; Sales Automation; Digital Workers,,,,,,,,,35,,medium,2026-03-20
assembled,Assembled,active,2018,"San Francisco, CA",https://www.assembled.com,AI-Powered Support Operations; Workforce Management,,70.7,,"Series B ($51M, May 2022)",,,,,75,,high on funding/founders; moderate on revenue and employee count,2026-03-20
atlan,Atlan,active,2018,"New York, New York, USA",https://atlan.com,AI Data Governance & Metadata Management,,,,,,,,,,,medium,2026-03-20
attio,Attio,active,2019,"London, UK",attio.com,AI; CRM; GTM Automation,,,,,,,,,100,,medium,2026-03-20
augment-code,Augment Code,active,2022,"Palo Alto, CA",https://www.augmentcode.com,AI-Powered Developer Tools,,252.0,977.0,,,,,,156,,high,2026-03-20
baichuan-intelligence,Baichuan Intelligence,active,2023,"Haidian District, Beijing, China",https://www.baichuan-ai.com,Foundation Models; Medical AI,,1040.0,2700.0,,,,,,400,,medium,2026-03-20
baseten,Baseten,active,2019,"San Francisco, CA",https://www.baseten.co,AI Infrastructure; Cloud,,585.0,5000.0,,,,,,,,medium,2026-03-20
basis,Basis,active,2023,"New York, NY",https://www.getbasis.ai,AI for Accounting,,138.0,1150.0,,,,Undisclosed,,50,,medium,2026-03-20
bland-ai,Bland AI,active,2023,"San Francisco, CA",https://www.bland.ai,,,65.0,,Series B - $40M (January 2025),,,,,,,high on funding and founders; moderate on headcount and revenue,2026-03-20
bolt,Bolt.new (StackBlitz),active,2017,"San Francisco, CA",https://bolt.new,AI-Powered Development Tools; Vibe Coding,,135.0,700.0,,,,,,,,high on funding and founder data; moderate on 2026 revenue and team size,2026-03-20
brightwave,Brightwave,active,2023,"Boulder, CO",https://www.brightwave.io,AI for Finance; Investment Research,,21.0,,,,,Undisclosed (reported 4x revenue growth in four months post-seed; no public ARR figure),,22,,medium,2026-03-20
browser-use,Browser Use,active,2024,"Zurich, Switzerland / San Francisco, CA",,AI Infrastructure; Agentic AI Tooling,,17.0,,,,,,,,,medium,2026-03-20
callosum,Callosum,active,2024,"London, United Kingdom",https://callosum.ai,AI; Compute Orchestration; Multi-chip Infrastructure,,,,,,,,,30,,medium,2026-03-20
cartesia,Cartesia,active,2023,"San Francisco, CA, USA",https://cartesia.ai,AI Infrastructure; Voice AI; Edge AI,,91.0,,"Series A ($64M, March 2025)",,,,,91,,medium,2026-03-20
cerebras,Cerebras Systems,active,2015,"Sunnyvale, California, USA",https://www.cerebras.ai,AI Hardware; Semiconductors,,4300.0,23000.0,,,,,,500,,medium,2026-03-20
chai-discovery,Chai Discovery,active,2024,"San Francisco, CA",https://chaidiscovery.com,Biotech AI; Molecular Discovery,,225.0,1300.0,,,,,,50,,medium,2026-03-20
chaos-industries,Chaos Industries,active,2022,"Los Angeles, California",https://www.chaosindustries.com,defense-govtech; artificial-intelligence; counter-drone,Counter-drone radar and AI-powered communication systems for defense and critical infrastructure protection.,1000.0,4500.0,,,"Defense hardware and software company focused on counter-drone detection and defeat. Chaos Industries builds the Vanquish radar system, which detects small unmanned aerial vehicles at ranges of hundreds of kilometers, along with AI-powered communication and electronic warfare systems. Revenue comes from government defense contracts and sales of hardware systems to military and critical infrastructure customers.",Over $1B raised in total funding. The rapid funding pace (Series B to D in 18 months) and $4.5B valuation suggest significant contracted revenue or government orders. The counter-drone market is estimated at $5B+ annually and growing rapidly due to drone threats globally. [Confidence: low -- no public revenue figures.],U.S. Department of Defense; U.S. military branches; Critical infrastructure operators; Allied military forces,,No China connection. Founders are American defense tech entrepreneurs. The company builds counter-drone systems for the US military and allied forces.,medium,2026-03-20
character-ai,Character.AI,active,2021,"Menlo Park, California",https://character.ai,Consumer AI; Conversational AI,,193.0,2500.0,,,,,,259,,medium,2026-03-20
charm-therapeutics,Charm Therapeutics,active,2021,"London, UK",https://charmtx.com,Biotech AI; Drug Discovery,,150.0,,,,,,,50,,medium,2026-03-20
clay,Clay,active,2017,"New York, NY",clay.com,AI; Sales Intelligence; GTM Automation,,,5000.0,,,,,,1167,,high,2026-03-20
cleanlab,Cleanlab,acquired,2021,"San Francisco, CA",,Data-Centric AI; Data Quality; AI Reliability,,30.0,,,,,,,,,medium,2026-03-20
coactive-ai,Coactive AI,active,2021,"San Jose, California",https://www.coactive.ai,Enterprise AI; Multimodal AI; Visual Content Intelligence,,44.0,200.0,,,,,,66,,high,2026-03-20
coderabbit,CodeRabbit,active,2023,"San Jose, CA",https://www.coderabbit.ai,AI-Powered Developer Tools,,88.0,550.0,,,,,,24,,high,2026-03-20
cognition-ai,Cognition AI (Cognition Labs),active,2023,"San Francisco, CA",https://cognition.ai,AI; Developer Tools; Autonomous Coding Agents,,696.0,10200.0,,,,,,286,,medium,2026-03-20
cohere,Cohere,active,2019,"Toronto, Ontario, Canada",cohere.com,Enterprise AI; Large Language Models,,,,,,,,,,,medium,2026-03-20
contextual-ai,Contextual AI,active,2023,"Mountain View, California",https://contextual.ai,Enterprise AI; RAG Infrastructure,,,,,,,,,51,,medium,2026-03-20
continue,Continue,active,2023,"San Francisco, CA",https://www.continue.dev,AI-Powered Developer Tools,,5.6,,,,,,,10,,medium,2026-03-20
copy-ai,Copy.ai,acquired,2020,"Remote-first (Memphis, TN origin)",https://www.copy.ai,,,19.8,,,,,,,50,,medium,2026-03-20
coreweave,CoreWeave,public,2017,"Livingston, New Jersey",https://www.coreweave.com,AI; GPU Cloud Infrastructure,,,,,,,,,1500,,high,2026-03-20
corvus-robotics,Corvus Robotics,active,2017,"Mountain View, California, USA",https://www.corvus-robotics.com,Warehouse Automation; Autonomous Drones,,,,,,,,,,,medium,2026-03-20
cosine-ai,Cosine,active,2022,"London, United Kingdom",https://cosine.sh,AI-Powered Developer Tools,,2.5,,,,,,,32,,medium,2026-03-20
covariant,Covariant,acquired,2017,"Emeryville, CA",https://covariant.ai,AI robotics; warehouse automation; foundation models for robotics,AI robotics company building foundation models for warehouse automation; effectively acquihired by Amazon in 2024 in a controversial reverse-acquihire deal.,222.0,625.0,,,B2B robotics AI -- licenses the Covariant Brain software to warehouse and fulfillment center operators to automate pick-and-place operations. Deployed with integration partners like KNAPP.,"No public revenue figures. Pre-deal, Covariant had deployed hundreds of AI-powered robotic solutions across multiple industries.","50+ customers and partners (as of 2024); KNAPP (5+ year partnership); Industries: apparel, health & beauty, grocery, pharmaceuticals",,,medium,2026-03-20
cradle,Cradle,active,2021,"Amsterdam, Netherlands",https://www.cradle.bio,AI for biology; protein engineering; generative AI,AI-powered protein engineering platform using generative protein language models to help scientists design better proteins in a fraction of the time.,103.0,,,,"Pure SaaS — enterprise software subscription. Cradle explicitly avoids royalties, revenue sharing, or IP entanglements that are common in biotech partnerships. Customers retain full IP on proteins designed using the platform. This clean model is a key selling point for large pharma and industrial biotech companies. The platform is also offered through a partnership with Ginkgo Bioworks, which allows users without their own lab facilities to access Cradle's AI plus Ginkgo's lab infrastructure.","No public revenue figures. Private pre-Series-C stage company. Strong enterprise traction signals: 21 customers, 50+ active R&D programs, doubling headcount, and signing 6 of top 25 pharma companies suggest meaningful ARR growth.",6 of the top 25 global pharma companies (as of 2025); 4 of the top 10 global pharma companies; Johnson & Johnson Innovative Medicine; Novo Nordisk; AbbVie; Novonesis (formerly Novozymes); Grifols; Twist Bioscience; Ginkgo Bioworks (partnership); 21+ total customers,,,medium-high,2026-03-20
cresta,Cresta,active,2018,"San Francisco, CA",https://cresta.com,Contact Center AI; Customer Experience AI,,282.0,1600.0,,,,,,300,,medium,2026-03-20
crusoe,Crusoe,active,2018,"Denver, Colorado",https://www.crusoe.ai,AI; GPU Cloud Infrastructure; Data Centers,,,,,,,,,500,,high,2026-03-20
d-matrix,d-Matrix,active,2019,"Santa Clara, California, USA",https://www.d-matrix.ai,AI Hardware; Semiconductors (In-Memory Compute),,450.0,2000.0,,,,,,200,,medium,2026-03-20
databricks,Databricks,active,2013,"San Francisco, California, USA",https://www.databricks.com,Data & AI Infrastructure,,,,,,,,,,,medium,2026-03-20
datacurve,Datacurve,active,2024,"San Francisco, CA",,AI Infrastructure; Training Data,,18.0,150.0,,,,,,,,medium,2026-03-20
dataminr,Dataminr,public,2009,"New York, NY",https://www.dataminr.com,AI; Real-Time Threat & Event Detection,,1200.0,4100.0,Series F extension — $100M convertible from Fortress Investment Group (April 2025),,,,,800,,medium,2026-03-20
david-ai,David AI,active,2024,"San Francisco, CA",,AI Infrastructure; Audio Data,,80.0,500.0,,,,,,,,medium,2026-03-20
day-ai,Day AI,active,2023,"Sacramento, CA",day.ai,AI; CRM; Sales Automation,,,,,,,,,,,medium,2026-03-20
decagon,"Decagon AI, Inc.",active,2023,"San Francisco, CA",https://decagon.ai,Enterprise AI; Conversational AI; AI Customer Support Agents,,481.0,4500.0,,,,,,50,,"high (well-funded, widely covered; some revenue/headcount figures are estimates)",2026-03-20
deepl,DeepL,public,2017,,deepl.com,Artificial Intelligence,,,,,,Freemium SaaS (tiered subscriptions + API usage fees),,,,,medium,2026-03-20
deepseek,DeepSeek,active,2023,"Hangzhou, Zhejiang, China",https://www.deepseek.com,Foundation Models; Large Language Models,,,,,,,,,150,,medium,2026-03-20
descript,Descript,active,2017,"San Francisco, CA",https://www.descript.com,AI Video & Audio Editing,,100.0,550.0,"Series C ($50M, November 2022)",,,,,188,,medium,2026-03-20
elevenlabs,ElevenLabs,active,2022,"New York, NY (with offices in London and Warsaw)",https://elevenlabs.io,AI Voice & Audio,,791.0,11000.0,,,,,,736,,medium,2026-03-20
eliseai,EliseAI,active,2017,"New York, NY",https://eliseai.com,Real Estate AI; Healthcare AI,,392.0,2200.0,,,,~$100M+ (2025),,200,,medium,2026-03-20
emergent,Emergent,active,2024,"San Francisco, CA (R&D center in Bengaluru, India)",,AI Applications; Vibe Coding,,100.0,300.0,,,,,,,,medium,2026-03-20
epirus,Epirus,active,2018,"Torrance, California",https://www.epirusinc.com,defense-govtech; directed-energy; counter-drone,Directed-energy weapons company building high-power microwave systems to counter drones and electronic threats.,550.0,1350.0,,,"Defense hardware company building directed-energy weapon systems. The flagship product, Leonidas, is a solid-state high-power microwave (HPM) system that defeats drones and drone swarms by frying their electronics. Revenue comes from US DoD contracts, production orders for Leonidas systems, and R&D contracts. The company is scaling manufacturing to meet growing demand for counter-drone solutions.",Total funding >$550M. Series D funds earmarked for scaling Leonidas production. Multiple DoD testing and evaluation contracts completed. The company is transitioning from R&D to production scaling. [Confidence: low -- no public revenue figures.],U.S. Department of Defense; U.S. Army; U.S. Marine Corps; U.S. Special Operations Command; International allied military forces,,"No China connection. Founders are American with deep ties to US defense and intelligence communities. Joe Lonsdale co-founded Palantir, one of the most US-government-aligned technology companies. Epirus works exclusively for the US military and allied forces.",medium,2026-03-20
essential-ai,Essential AI,active,2023,"San Francisco, CA",,Enterprise AI; AI Automation,,240.0,1000.0,,,,,,,,medium-high,2026-03-20
etched,Etched,active,2022,"Cupertino, California, USA",https://etched.com,AI Hardware; Semiconductors (Inference ASICs),,625.0,5000.0,,,,,,50,,medium,2026-03-20
evenup,EvenUp,active,2019,"San Francisco, CA",https://www.evenuplaw.com,Legal AI; Legal Tech,,385.0,2000.0,,,,,,300,,medium,2026-03-20
exa,Exa,active,2021,"San Francisco, California",https://exa.ai,AI; Search Infrastructure; Data Retrieval,,,,,,,,,100,,high,2026-03-20
factory-ai,Factory,active,2023,"San Francisco, CA",https://factory.ai,AI-Powered Developer Tools,,70.0,300.0,,,,,,30,,high,2026-03-20
field-ai,FieldAI,active,2016,"Irvine, California, USA",https://www.fieldai.com,Embodied AI; Autonomous Robotics Software,,,,,,,,,,,medium,2026-03-20
figure-ai,Figure AI,active,2022,"Sunnyvale, California, USA",https://www.figure.ai,humanoid-robotics; embodied-ai; manufacturing-automation,,,39000.0,Series C,,,,,479,,medium,2026-03-20
fireworks-ai,Fireworks AI,active,2022,"Redwood City, CA",https://fireworks.ai,AI Infrastructure,,331.0,4000.0,,,,,,,,medium,2026-03-20
flex-ai,FlexAI,active,2023,"Paris, France",https://www.flex.ai,AI Infrastructure; GPU Cloud Compute,,,,,,,,,,,high,2026-03-20
formation-bio,Formation Bio,active,2016,"New York, NY",https://formationbio.com,Biotech AI; AI-Native Pharma,,608.0,1700.0,,,,,,200,,medium,2026-03-20
forsight-robotics,ForSight Robotics,active,2018,"Yokneam Illit, Israel (relocating to Caesarea)",https://www.forsightrobotics.com,Surgical Robotics; Medical AI,,,,,,,,,,,medium,2026-03-20
fourier-intelligence,Fourier Intelligence,active,2015,"Shanghai, China",https://www.fftai.com,Humanoid Robotics; Rehabilitation Robotics,,,,,,,,,,,medium,2026-03-20
freenome,Freenome,public,2014,"South San Francisco, CA",https://freenome.com,Healthcare AI; Cancer Diagnostics,,1350.0,1500.0,,,,,,400,,medium,2026-03-20
furtherai,FurtherAI,active,2023,"New York, NY",https://www.furtherai.com,Insurance AI,,30.0,,,,,,,50,,medium,2026-03-20
galileo-ai,Galileo,active,2021,"San Francisco, CA",galileo.ai,llm-evaluation; ai-observability; guardrails,,68.0,,Series B,2024-10-15,,,,153,,high,2026-03-20
gather-ai,Gather AI,active,2017,"Pittsburgh, Pennsylvania, USA",https://www.gather.ai,Warehouse Automation; Autonomous Drones,,,,,,,,,,,medium,2026-03-20
genesis-therapeutics,Genesis Therapeutics,active,2019,"Burlingame, CA",https://genesistherapeutics.ai,Biotech AI; Drug Discovery,,327.0,,,,,,,100,,medium,2026-03-20
glean,Glean,active,2019,"Palo Alto, California",glean.com,Enterprise AI; AI-Powered Workplace Search & Agents,,765.0,7200.0,,,,$200M (as of December 2025),,850,,medium,2026-03-20
granola,Granola,active,2023,"London, United Kingdom",https://www.granola.ai,AI Productivity; Meeting Notes,,125.0,1000.0,,,,~$22M (fiscal year 2024),,30,,medium,2026-03-20
graphcore,Graphcore,active,2016,"Bristol, United Kingdom",https://www.graphcore.ai,AI Hardware; Semiconductors (IPU Architecture),,,,,,,,,500,,medium,2026-03-20
graphite,Graphite,acquired,2020,"San Francisco, CA",https://graphite.com,AI-Powered Developer Tools,,81.0,,,,,,,40,,high,2026-03-20
greptile,Greptile,active,2023,"San Francisco, CA",https://www.greptile.com,AI-Powered Developer Tools,,29.0,180.0,,,,,,10,,high,2026-03-20
groq,Groq,acquired,2016,"Mountain View, CA",https://groq.com,AI inference hardware; AI chips; cloud inference,"Creator of the LPU (Language Processing Unit), a purpose-built AI inference chip delivering ultra-low latency, acquired by Nvidia for ~$20B in December 2025.",1750.0,6900.0,,,"Dual model -- hardware (LPU chips) and cloud inference (GroqCloud). GroqCloud is consumption-based pay-per-token API, similar to OpenAI/Anthropic pricing but differentiated on speed. 'Ramp to hardware' strategy: developers start on API, enterprises can scale to dedicated LPU deployments. Also does large-scale infrastructure deals (Saudi Arabia/HUMAIN). Revenue was projected at ~$500M for 2025 (revised down from $2B target). Chips fabricated by Samsung Foundry.",Projected $500M revenue for 2025 (revised down from original $2B target). One source cites $172.5M as of mid-2025. The $20B Nvidia deal dwarfs operating revenue. Approximately 624 employees as of 2025.,"2M+ developers on GroqCloud; HUMAIN (Saudi Arabia sovereign AI entity); IBM (Watsonx Orchestrate integration); McLaren F1 (live race data analysis); Bell Canada (sovereign AI deployment across six sites); Hugging Face (official inference provider, June 2025); OpenAI (models deployed on Groq infrastructure in Saudi Arabia via HUMAIN)",,No known Chinese-origin founders. Founding team originates from Google's TPU project. No significant public China connections.,medium-high,2026-03-20
h-company,H Company,active,2023,"Paris, France (with offices in London and New York)",https://hcompany.ai,AI; Autonomous Agents; Enterprise Automation,,220.0,,,,,,,201,,medium,2026-03-20
hadrius,Hadrius,active,2023,"San Francisco, CA",https://www.hadrius.com,AI for Financial Compliance,,28.8,,,,,Undisclosed,,50,,medium,2026-03-20
harness,Harness,active,2017,"San Francisco, CA",https://www.harness.io,AI-Powered Developer Tools,,654.0,5500.0,,,,,,1000,,high,2026-03-20
harper,Harper,active,2024,"San Francisco, CA",,AI Applications; InsurTech,,47.0,,,,,,,,,medium,2026-03-20
harvey-ai,Harvey AI,active,2022,"San Francisco, CA",https://www.harvey.ai,Legal AI; Professional Services AI,,1200.0,11000.0,,,,~$195M (end of 2025),,1000,,medium,2026-03-20
hebbia,Hebbia,active,2020,"New York, NY",https://www.hebbia.com,"Enterprise AI; Knowledge Work (Finance, Legal, Government)",,161.0,700.0,,,,~$25M (Sep 2025 estimate; see notes below),,140,,medium,2026-03-20
helsing,Helsing,active,2021,"Munich, Germany",https://helsing.ai,defense-govtech; artificial-intelligence; autonomous-systems,"European AI-powered defense software for autonomous systems across air, land, sea, space, and cyber domains.",1500.0,13200.0,,,"Defense AI software company. Helsing builds AI software that can be embedded into existing military platforms (fighter jets, ground vehicles, naval systems) to add autonomous capabilities, sensor fusion, and real-time decision support. Revenue comes from government defense contracts with European NATO nations (Germany, France, UK). The company does not build hardware; it focuses on the software layer that makes existing platforms smarter.",Exact revenue not publicly disclosed. EUR 12B valuation suggests significant contracted revenue or pipeline. Key contracts include integration with Eurofighter Typhoon program and partnerships with SAAB and Airbus Defence. [Confidence: low -- limited public revenue data.],German Federal Armed Forces (Bundeswehr); French Ministry of the Armed Forces; UK Ministry of Defence; NATO-allied European nations; Airbus Defence (partnership for Eurofighter integration); SAAB (strategic investor and partner),,No China connection. All three co-founders are German nationals with deep ties to European defense institutions. The company operates exclusively in support of European and NATO-allied defense. Daniel Ek (Spotify founder) serves as Chairman through his investment vehicle Prima Materia.,medium,2026-03-20
heygen,HeyGen,active,2020,"Los Angeles, California, USA",https://www.heygen.com,generative-ai; video-generation; digital-avatars,,65.6,,,,,~$100M (late 2025),,,,high,2026-03-20
hippocratic-ai,Hippocratic AI,active,2023,"Palo Alto, CA",https://hippocraticai.com,Healthcare AI; Agentic AI,,404.0,3500.0,,,,,,200,,medium,2026-03-20
hugging-face,Hugging Face,active,2016,"New York, NY, USA",huggingface.co,Artificial Intelligence; Open-Source ML Platform,,,,,,,,,200,,medium,2026-03-20
imbue,Imbue,active,2020,"San Francisco, CA",https://imbue.com,AI Agents; Reasoning; Foundation Models,,232.0,1000.0,,,,,,,,medium,2026-03-20
inflection-ai,Inflection AI,active,2022,"Palo Alto, CA",https://inflection.ai,Artificial Intelligence; Enterprise AI,,1520.0,4000.0,,,,,,62,,medium,2026-03-20
insilico-medicine,Insilico Medicine,public,2014,"Hong Kong (global operations in US, China, UAE, and other locations)",https://insilico.com,AI-Driven Drug Discovery; Generative AI Biotech,,,,,,,,,500,,high (publicly traded on HKEX; extensive press coverage and clinical data available),2026-03-20
isomorphic-labs,Isomorphic Labs,active,2021,"London, United Kingdom",https://www.isomorphiclabs.com,ai-drug-discovery; alphabet; deepmind,,,,,,,,,348,,medium,2026-03-20
jasper,Jasper,active,2021,"Austin, Texas (remote-first)",https://www.jasper.ai,AI-powered marketing; content generation,,131.0,,,,,,,,,medium,2026-03-20
jump-ai,Jump,active,2023,"Salt Lake City, UT",https://jump.ai,AI for Financial Advisory,,105.0,,,,,Undisclosed,,50,,medium,2026-03-20
knowunity,Knowunity,active,2020,"Berlin, Germany",https://knowunity.com,AI Education; Student Learning Platform,,45.0,150.0,,,,,,80,,medium,2026-03-20
kodezi,Kodezi,active,2019,"San Francisco, CA (originally Orlando, FL)",https://kodezi.com,AI-Powered Developer Tools,,2.0,,,,,,,9,,medium,2026-03-20
labelbox,Labelbox,active,2018,"San Francisco, CA (510 Treat Ave, San Francisco, CA 94110)",https://labelbox.com,AI Infrastructure; Data Labeling & Training,,189.0,1000.0,"Series D ($110M, Jan 2022)",,,,,150,,medium-high,2026-03-20
lambda,Lambda,public,2012,"San Francisco, California",https://lambda.ai,AI; GPU Cloud Infrastructure,,2440.0,11500.0,,,,,,300,,medium-high,2026-03-20
landbase,Landbase,active,2023,"San Francisco, CA",landbase.com,AI; GTM Automation; Revenue Operations,,,,,,,,,50,,medium,2026-03-20
langchain,LangChain,active,2023,"San Francisco, CA",https://www.langchain.com,AI Infrastructure; Developer Tools,,260.0,1250.0,,,,,,,,medium,2026-03-20
lightmatter,Lightmatter,active,2017,"Boston, Massachusetts, USA",https://lightmatter.co,AI Hardware; Photonic Interconnects,,850.0,4400.0,,,,,,315,,medium,2026-03-20
lila-sciences,Lila Sciences,active,2023,"Cambridge, MA",https://lila.ai,Biotech AI; Autonomous Scientific Discovery,,550.0,1300.0,,,,,,100,,medium,2026-03-20
liquid-ai,Liquid AI,active,2023,"Cambridge, Massachusetts, USA",https://www.liquid.ai,Artificial Intelligence; Foundation Models,,297.0,2000.0,,,,,,,,high on funding/founders; moderate on revenue/headcount (third-party estimates),2026-03-20
lovable,Lovable,active,2023,"Stockholm, Sweden",https://lovable.dev,AI; Developer Tools; Vibe Coding,,567.0,6600.0,,,,$400M (as of February/March 2026),,146,,medium,2026-03-20
luma-ai,Luma AI,active,2021,"Palo Alto, CA",lumalabs.ai,AI Video & 3D Generation; Creative AI Agents,,,,,,,,,200,,medium,2026-03-20
magic,Magic,active,2022,"San Francisco, CA",https://magic.dev,AI; Developer Tools; Code Generation,,,,,,,,,97,,medium,2026-03-20
magicschool-ai,MagicSchool AI,active,2023,"Denver, Colorado",https://www.magicschool.ai,AI Education; EdTech,,67.0,,,,,,,100,,medium,2026-03-20
manus-ai,Manus AI,active,2022,Singapore (relocated from Beijing in May 2025),https://manus.im,AI Agents; General-Purpose AI Assistant,,75.0,500.0,,,,,,50,,medium,2026-03-20
matx,MatX,active,2022,"San Francisco Bay Area, California, USA",https://matx.com,AI Hardware; Semiconductors (LLM Training),,600.0,,,,,,,50,,medium,2026-03-20
mercor,Mercor,active,2023,"San Francisco, CA",,AI Infrastructure; Human-in-the-Loop AI Training,,492.0,10000.0,,,,,OpenAI; Anthropic; Meta; Google DeepMind (reported),,,medium,2026-03-20
midjourney,Midjourney,active,2021,"San Francisco, California",https://www.midjourney.com,AI Image & Video Generation,,0.0,5.0,,,,,,107,,medium,2026-03-20
mind-robotics,Mind Robotics,active,2025,"Palo Alto, CA",https://www.mindrobotics.com,industrial robotics; AI; manufacturing automation,"Building AI-powered industrial robots that bring human-like dexterity and physical reasoning to factory work, spun out of Rivian.",615.0,2000.0,,,"Mind Robotics is building an integrated AI robotics platform -- models, custom hardware (including robotic hands/end-effectors), and deployment infrastructure -- for industrial manufacturing environments. The key strategic differentiator is 'captured distribution': Rivian serves as both a major shareholder and an anchor customer, providing immediate access to high-volume production lines and a massive proprietary data flywheel for training AI models. This bypasses the classic robotics startup 'chicken and egg' problem of needing deployment data to improve models but needing good models to secure deployments. The company designs robots around specific industrial tasks (parts handling, wiring assembly, component assembly) rather than pursuing humanoid form factors. The initial go-to-market is deploying robots at scale within Rivian's own factories, with the likely path to external customers once the platform is proven. Revenue model details have not been publicly disclosed.",,,,,medium,2026-03-20
minimax,MiniMax (MiniMax Group Inc.),public,2021,"Shanghai, China",,"Artificial Intelligence — Foundation Models, Generative AI (Video, Text, Speech)",,1150.0,13700.0,,,,,,,,medium,2026-03-20
mistral-ai,Mistral AI,active,2023,,mistral.ai,Artificial Intelligence,,,,,,Open-core SaaS (API + enterprise subscriptions + consumer product),,,,,medium,2026-03-20
modal,"Modal (Modal Labs, Inc.)",active,2021,"New York, NY",https://modal.com,AI Infrastructure; Cloud Computing,,111.0,1100.0,,,,,,118,,high on funding/founders; moderate on revenue/valuation talks,2026-03-20
modelbest,ModelBest,active,2022,"Haidian District, Beijing, China",https://modelbest.cn,On-Device AI; Small Language Models,,,,,,,,,100,,medium,2026-03-20
monarch-tractor,Monarch Tractor,active,2017,"Livermore, California, USA",https://www.monarchtractor.com,Agricultural Robotics; Autonomous Vehicles,,,,,,,,,,,medium,2026-03-20
monte-carlo-data,Monte Carlo,active,2019,"San Francisco, California, USA",https://www.montecarlodata.com,Data Observability & AI Data Quality,,,,,,,,,,,medium,2026-03-20
moonshot-ai,Moonshot Ai,active,,,,,,,,,,,,,,,low,2026-03-20
moonvalley,Moonvalley,active,2023,"Toronto, Canada",https://www.moonvalley.com,AI Video Generation,,,,,,,,,123,,medium,2026-03-20
moveworks,Moveworks,acquired,2016,"Mountain View, California",moveworks.com,Enterprise AI; Agentic AI Copilot & Employee Support,,315.0,2100.0,,,,"$100M+ (late 2024, per company disclosure)",,500,,medium,2026-03-20
nebius,Nebius Group,public,2022,"Amsterdam, Netherlands",https://nebius.com,AI; GPU Cloud Infrastructure,,,,,,,,,2000,,high,2026-03-20
neura-robotics,NEURA Robotics,active,2019,"Metzingen, Germany",https://neura-robotics.com,Cognitive Robotics; Humanoid Robotics,,,,,,,,,,,medium,2026-03-20
nevis,Nevis,active,2024,"New York, NY",https://www.neviswealth.com,AI for Wealth Management,,40.0,200.0,,,,Undisclosed,,20,,medium,2026-03-20
nexthop-ai,Nexthop AI,active,2024,"Santa Clara, California",https://nexthop.ai,AI; Networking Infrastructure; Data Center Hardware,,,,,,,,,,,high,2026-03-20
norm-ai,Norm AI,active,2023,"New York, NY",https://www.norm.ai,Regulatory Compliance AI; RegTech,,140.0,,,,,,,100,,medium,2026-03-20
nous-research,Nous Research,active,2022,,nousresearch.com,Artificial Intelligence,,,,,,"Open-source AI research lab with decentralized training infrastructure (Psyche Network on Solana); revenue model unclear -- likely a mix of token economics, enterprise services, and API access",,,,,medium,2026-03-20
nscale,Nscale,public,2024,"London, United Kingdom",https://www.nscale.com,AI; GPU Cloud Infrastructure; Data Centers,,,,,,,,,,,high,2026-03-20
numeric,Numeric,active,2020,"San Francisco, CA",https://www.numeric.io,AI for Accounting; Financial Close,,89.0,,,,,Undisclosed,,50,,medium,2026-03-20
nuro,Nuro,active,2016,"Mountain View, California",https://www.nuro.ai,Autonomous Vehicles; AI; Robotics,,2300.0,6000.0,,,,,,975,,medium,2026-03-20
observe-ai,Observe.AI,active,2017,"San Francisco / Redwood City, CA",https://www.observe.ai,AI for Contact Centers; Conversational Intelligence,,214.0,304.0,$125M Series C (April 2022),,,,,404,,medium,2026-03-20
openai,OpenAI,active,2015,"San Francisco, CA",https://openai.com,foundation models; generative AI; LLMs,Creator of GPT and ChatGPT; the company that ignited the generative AI era.,168000.0,840000.0,,,"Multi-stream: (1) Consumer subscriptions -- ChatGPT Free/Plus ($20/mo)/Pro ($200/mo); (2) Enterprise -- ChatGPT Team (~$25-30/user/mo), ChatGPT Enterprise (custom pricing ~$60/seat); (3) API platform -- usage-based pricing for developers building on GPT models; (4) Strategic licensing deals (Apple Intelligence integration, Disney/Sora). Exploring advertising as additional revenue stream.","ARR tripled from ~$6B (end 2024) to ~$20B (end 2025). Hit first $1B revenue month in July 2025. Sacra estimates ~$25B annualized run rate as of Feb 2026. 910M weekly active users. 9M+ paying business users. Projects $280B revenue by 2030. Despite revenue growth, company projects ~$14B in losses for 2026 due to massive compute spend.","Apple (ChatGPT integration in Apple Intelligence); Microsoft (Azure OpenAI Service, Copilot products); Amazon/AWS (exclusive third-party cloud distribution for enterprise); Disney ($1B investment + Sora licensing deal); Samsung & SK (Stargate initiative partnership); U.S. Department of Defense / Pentagon ($200M contract); U.S. Government (classified + unclassified AI services via AWS); Mattel (AI-powered product development); Consulting firms: Accenture, BCG, Capgemini, McKinsey (Frontier Alliances program); 1M+ organizations using OpenAI technology (as of Dec 2025)",,No Chinese-origin founders. OpenAI has historically had Chinese-origin researchers on staff but the company has restricted API access in China since mid-2024. No prominent mainland Chinese executives in current leadership.,high,2026-03-20
otter-ai,Otter.ai,active,2016,"Mountain View, California",https://otter.ai,AI Productivity; Meeting Transcription,,70.0,,,,,$100M (March 2025),,200,,medium,2026-03-20
patronus-ai,Patronus AI,active,2023,"San Francisco, CA (registered address in Dublin, CA)","AI Evaluation, Safety Testing & LLM Reliability",,,40.0,,Series A (May 2024),,,,,,,medium-high,2026-03-20
perplexity,Perplexity AI,active,2022,"115 Sansome Street, Suite 900, San Francisco, CA",https://www.perplexity.ai,AI-Powered Search; Information Retrieval,,,,,,,,,1500,,medium,2026-03-20
photoroom,Photoroom,active,2019,"Paris, France",https://www.photoroom.com,AI Photo Editing; Consumer AI,,75.0,500.0,,,,~$94M (end of 2024),,80,,medium,2026-03-20
physical-intelligence,Physical Intelligence,active,2024,"San Francisco, CA",https://www.physicalintelligence.company,foundation models; robotics; physical AI,Building general-purpose foundation models that give any robot the ability to perform any task in the physical world.,1070.0,5600.0,,,"Software-centric 'intelligence layer' for robotics. Physical Intelligence develops foundation models (vision-language-action models) that serve as plug-and-play brains for third-party robot hardware. The emerging model is an API/SaaS approach -- providing robotic intelligence as a service rather than building vertically integrated robots. One source mentions a $300/month/robot subscription pricing, though this is unconfirmed and may be speculative. Early commercial traction is through partnerships with hardware companies (Weave Robotics for home/laundry, Ultra for warehouse automation). The company has also open-sourced parts of its stack (openpi on GitHub) to build ecosystem adoption.","Pre-revenue or very early revenue as of late 2025. The $5.6B valuation is based on technology potential rather than current revenue. Competitor Skild AI reportedly generated $30M in revenue from its deployed 'Skild Brain' product, suggesting the market is beginning to monetize but Physical Intelligence has prioritized research over commercialization so far. The Weave and Ultra partnerships (announced February 2026) represent the first public evidence of live commercial deployments using Pi's models.",,,,medium-high,2026-03-20
pika,Pika,active,2023,"Palo Alto, CA (office at 2700 W El Camino Real, Mountain View, CA 94040)",https://pika.art,AI Video Generation; Generative AI,,135.0,470.0,,,,,,48,,medium,2026-03-20
pinecone,Pinecone,active,2019,"New York, NY",https://www.pinecone.io,vector databases; AI infrastructure; search,"Serverless vector database purpose-built for AI applications, founded by ex-Amazon/Yahoo research leader Edo Liberty.",138.0,750.0,,,"Consumption-based SaaS. Tiered pricing: Starter (free), Standard ($50/month minimum), Enterprise ($500/month minimum), and Dedicated/BYOC. Charges based on read units (queries/fetches), write units (data modifications), and storage (per GB). Also offers Pinecone Inference (hosted embedding and reranking models) and Pinecone Assistant (agent/chat API) as additional revenue streams. Available on AWS Marketplace, Azure Marketplace, and GCP. BYOC (Bring Your Own Cloud) in public preview for enterprise customers.","$26.6M annual revenue in 2024 (66.6% YoY growth from $16M in 2023). Revenue trajectory: $2.2M (2021) -> $4.9M (2022) -> $16M (2023) -> $26.6M (2024). Latka reports $14M for 2025, though this figure is ambiguous -- it may represent partial-year or monthly data; if annual, it would represent a significant decline. ~4,000 paying customers. 129 employees as of Feb 2026.","Shopify; HubSpot; Gong; Zapier; Workday; BambooHR; Vanguard; 20,000+ organizations worldwide (as of late 2024); 30,000+ organizations on serverless (as of late 2024); Notion (lost as customer; departure reported in 2025)",129,No known Chinese-origin founders. The founding team is Israeli-American. No significant public China connections.,medium,2026-03-20
poolside,Poolside,public,2023,"Paris, France (legal HQ in US; ~80% of team in Europe)",https://poolside.ai,,,,12000.0,,,,,,,,high on funding figures; moderate on revenue projections and employee count,2026-03-20
positron-ai,Positron AI,active,2023,"Austin, Texas, USA",https://www.positron.ai,AI Hardware; Semiconductors (Inference),,305.0,1000.0,,,,,,50,,medium,2026-03-20
qodo,Qodo,active,2022,"Tel Aviv, Israel",https://www.qodo.ai,AI-Powered Developer Tools,,50.0,,,,,,,100,,high,2026-03-20
rain-ai,Rain AI,active,2017,"San Francisco, California, USA",https://rain.ai,AI Hardware; Semiconductors (Neuromorphic; In-Memory Compute),,146.0,,,,,,,50,,medium,2026-03-20
rebellion-defense,Rebellion Defense,active,2019,"Washington, D.C., USA",https://rebelliondefense.com,Defense AI; National Security,,224.0,1000.0,Series B,,,,,40,,medium,2026-03-20
recursion,"Recursion Pharmaceuticals, Inc.",public,2013,"Salt Lake City, Utah",https://www.recursion.com,AI-Driven Drug Discovery; TechBio,,,,,,,,,515,,high (publicly traded; extensive disclosures available),2026-03-20
reflection-ai,Reflection AI,active,2024,"San Francisco, CA (unconfirmed — likely Bay Area)",https://reflection.ai,AI; Developer Tools; Autonomous Coding Agents,,2130.0,8000.0,,,,,,,,medium,2026-03-20
regie-ai,Regie.ai,active,2020,"San Francisco, CA",regie.ai,AI; Sales Engagement; Content Automation,,,,,,,,,75,,medium,2026-03-20
reka-ai,Reka AI,active,2022,"Sunnyvale, CA",https://reka.ai,multimodal AI; foundation models; enterprise AI,"Lean multimodal AI model builder founded by ex-DeepMind/Google/Meta researchers, building GPT-4-class models with a fraction of Big Tech's headcount.",168.0,1000.0,,,"Enterprise-focused multimodal AI platform. Revenue streams include API access to Reka models (Core, Flash, Edge) and enterprise platform products (Reka Vision, Reka Research, Reka Nexus). Offers deployable AI solutions across cloud, on-premises, and edge environments. Targets healthcare, finance, creative industries, and government sectors. Also partners with Carahsoft for US government distribution.","$10.9M revenue reported as of September 2025 (per Latka). Modest but growing, reflecting early-stage enterprise go-to-market with a ~60 person team.","Shutterstock (partnership); Turing Video (partnership); US government agencies (via Carahsoft); Enterprise customers across healthcare, finance, and creative industries",,,medium,2026-03-20
replicate,Replicate,acquired,2019,"San Francisco, CA",https://replicate.com,AI Infrastructure; MLOps; Developer Tools,,58.0,,,,,$5.3M reported for 2024; 'tens of millions' by late 2025 per YC profile,,36,,medium,2026-03-20
replit,Replit,active,2016,"Foster City, CA (remote-friendly)",https://replit.com,Developer Tools; AI-Assisted Software Development,"AI-powered cloud coding platform — build, run, and deploy software from a browser",,,,,,,,280,,medium,2026-03-20
rhoda-ai,Rhoda AI,active,2024,"Menlo Park, CA (unconfirmed; inferred from Stanford ties and investor base)",https://www.rhoda.ai,AI; Robotics; Physical AI,,450.0,1700.0,,,,,,,,medium,2026-03-20
robust-intelligence,Robust Intelligence,acquired,2019,"San Francisco, CA (originally Cambridge, MA)",,AI Security & Validation,,44.0,,"Series B ($30M, December 2021)",,,,,,,medium,2026-03-20
runway,Runway,active,2018,"New York, NY",runwayml.com,AI Video Generation; World Models,,,,,,,,,400,,medium,2026-03-20
sakana-ai,Sakana AI,active,2023,"Tokyo, Japan",,Artificial Intelligence; Foundation Models,,,,,,,,,138,,high,2026-03-20
sambanova,SambaNova Systems,active,2017,"Palo Alto, California, USA",https://sambanova.ai,AI Hardware; AI Infrastructure (Full-Stack),,1480.0,2240.0,,,,,,400,,medium,2026-03-20
sanctuary-ai,Sanctuary AI,public,2018,"Vancouver, British Columbia, Canada",https://www.sanctuary.ai,AI; Robotics,,,,,,,,,138,,Moderate — leadership transition and fundraise status post-mid-2025 are uncertain,2026-03-20
saronic-technologies,Saronic Technologies,active,2022,"Austin, Texas",https://www.saronic.com,defense-govtech; robotics; autonomous-vehicles,Builder of autonomous surface vessels (ASVs) for naval and maritime defense missions.,830.0,4000.0,,,"Vertically integrated defense shipbuilder. Saronic designs, builds, and sells autonomous surface vessels to the US Navy and allied maritime forces. The company operates its own shipyard in Austin, TX, enabling rapid iteration and production. Revenue comes from vessel sales and government contracts. The company aims to compress naval shipbuilding timelines from years to months.",Named to CNBC Disruptor 50 in 2025. $830M total funding suggests significant contracted pipeline. The company is building a fleet of autonomous vessels across three platform sizes. [Confidence: low -- no public revenue figures.],U.S. Navy; U.S. Department of Defense; Allied naval forces,,No China connection identified. Founders are American with defense technology backgrounds. The company builds autonomous naval vessels for the US Navy and allied navies.,medium,2026-03-20
scale-ai,Scale AI,active,2016,"San Francisco, CA",https://scale.com,AI Infrastructure; Data Services,,15900.0,29000.0,,,,,,1000,,medium,2026-03-20
semgrep,Semgrep,active,2017,"San Francisco, CA",https://semgrep.dev,AI-Powered Developer Tools,,204.0,500.0,,,,,,210,,high,2026-03-20
shield-ai,Shield AI,active,2015,"San Diego, California",https://shield.ai,defense-govtech; autonomous-vehicles; AI-software,Building the world's best AI pilot -- autonomous flight software (Hivemind) for drones and fighter jets operating in GPS/comms-denied environments.,1400.0,5600.0,,,"Dual revenue stream: (1) Hardware -- sells V-BAT autonomous VTOL drones (Group 3 UAS) and will eventually sell X-BAT autonomous fighter jets. (2) Software licensing -- Hivemind autonomy platform licensed to allies and integrated onto third-party platforms (e.g., Anduril's Fury CCA). Revenue was ~$300M for fiscal year ending March 2025. CEO targets 70-100% annual growth to reach $1B by FY2028. Also acquires complementary hardware companies (Martin UAV in 2021 for V-BAT, Heron Systems in 2021 for AI dogfighting).","~$300M revenue for FY ending March 2025. Targeting 70-100% YoY growth to $1B by FY2028. CCA program is structured as a multi-decade, multi-billion-dollar production opportunity. [Confidence: medium -- revenue figures from CEO statements and third-party estimates, not audited financials.]","U.S. Air Force (CCA / Collaborative Combat Aircraft program -- Hivemind selected as mission autonomy provider, Feb 2026); U.S. Coast Guard ($198M contract for V-BAT maritime UAS services, July 2024); U.S. Marine Corps; U.S. SOCOM / Special Operations Forces (Nova indoor reconnaissance drone); Indian Army (V-BAT drones + Hivemind, announced Jan 2026); Singapore (Hivemind software license); South Korea (Hivemind software license); Romania, Indonesia, Japan (V-BAT surveillance drones); Ukraine (V-BATs operationally deployed, withstanding EW attacks)",1300,No China connection. The founding team is American. Brandon Tseng is a former Navy SEAL with high-level security clearances. The company works exclusively on U.S. and allied defense applications. Key investors include strategic defense partners L3Harris and Hanwha (South Korea).,high,2026-03-20
sierra-ai,"Sierra Technologies, Inc.",active,2023,"San Francisco, CA",https://sierra.ai,Enterprise AI; Conversational AI; AI Agents,,635.0,10000.0,,,,,,370,,high (well-covered company with public disclosures),2026-03-20
sigma-computing,Sigma Computing,active,2014,"San Francisco, California, USA",https://www.sigmacomputing.com,AI-Native Business Intelligence & Analytics,,,,,,,,,,,medium,2026-03-20
simile,Simile,active,2025,"Stanford, CA (uncertain — strong Stanford ties; exact HQ not confirmed)",https://simile.ai,AI digital twins; human behavior simulation; market research,"Stanford spinout building high-fidelity AI digital twins that simulate human decision-making, replacing focus groups and enabling companies to rehearse real-world outcomes.",100.0,,,,"Enterprise SaaS. Simile builds AI agent populations ('digital twins') trained on deep interview transcripts, historical transaction data, and behavioral science literature. Customers access Simile's AI agent bank to simulate consumer behavior, test product decisions, rehearse earnings calls, model litigation outcomes, and forecast reactions to policy changes. Pricing ranges from ~$150K to several million dollars per year, depending on scope. The company positions itself as a replacement for traditional focus groups and market research panels.",Not disclosed. Enterprise contracts in the $150K–multi-million dollar range suggest early but meaningful revenue. Six named enterprise customers displayed on website at launch.,"CVS Health (product placement testing, inventory decisions, earnings call preparation — built on ~3M consented responses from 400K+ people); Telstra (Australia's largest mobile internet provider); Wealthfront; Suntory Beverages & Food; Banco Itau; Garnett Station Partners (private equity)",,Percy Liang appears to be of Chinese descent. No other founders have publicly documented Chinese origins. The team is rooted in Stanford's CS department with strong academic AI research backgrounds.,medium,2026-03-20
simular,Simular,active,2024,"San Francisco, CA",https://www.simular.ai,AI; Autonomous Agents; Computer Use,,27.0,,,,,,,,,medium,2026-03-20
skild-ai,Skild AI,active,2023,"Pittsburgh, PA",https://www.skild.ai,foundation models; robotics; physical AI,"Building the first general-purpose, omni-bodied foundation model (the 'Skild Brain') that can control any robot, perform any task, in any environment.",2215.0,14000.0,,,"Software-centric 'brain-as-a-service' for robotics. Skild builds the Skild Brain -- a general-purpose foundation model -- and deploys it as the intelligence layer on third-party robot hardware. Rather than building its own robots, Skild partners with hardware OEMs (ABB Robotics, Universal Robots, Foxconn) and integrates its AI into their existing robot platforms. Revenue comes from licensing and deploying the Skild Brain across industrial customers. The company grew from zero to approximately $30M in revenue in 2025, indicating early commercial traction that most robotics AI competitors have not yet achieved.","The company reportedly grew from zero to ~$30M in revenue in 2025, which is notable given that most competitors (including Physical Intelligence) remain pre-revenue or very early revenue. The Foxconn/NVIDIA factory deployment and March 2026 ABB/Universal Robots partnerships suggest an accelerating commercial pipeline. Revenue model details (per-robot licensing, subscription, or per-deployment fees) have not been publicly disclosed.",,,,medium-high,2026-03-20
skydio,Skydio,active,2014,"San Mateo, California",https://www.skydio.com,defense-govtech; robotics; autonomous-vehicles,"Largest US drone manufacturer building AI-powered autonomous drones for defense, public safety, and enterprise.",732.0,2200.0,,,"Vertically integrated drone manufacturer. Skydio designs, builds, and sells AI-powered autonomous drones with accompanying software platforms. Revenue comes from three segments: (1) Defense/government contracts (~50%+ of bookings), (2) Enterprise customers (energy, telecom, construction), and (3) Public safety (police, fire, DOTs). The core competitive advantage is Skydio Autonomy, an AI software stack that enables fully autonomous flight, obstacle avoidance, and mission execution without requiring skilled pilots.","~$180M revenue in 2024, up 80% YoY from ~$100M in 2023 (Sacra estimate). $1.2B in bookings pipeline with >50% from defense contracts. CNBC Disruptor 50 company. Blue UAS-approved for US government use. [Confidence: medium -- revenue estimates from Sacra, bookings figure from company.]","U.S. Department of Defense (all branches); U.S. State Departments of Transportation (over half of all states); 200+ public safety agencies across 47 states; 60+ energy utilities; Enterprise customers (construction, telecom, infrastructure); International allied military and government customers",,No China connection. All founders are American MIT graduates. Skydio is the largest US-made drone manufacturer and is positioned as the primary American alternative to Chinese drone maker DJI. The company has actively advocated for banning Chinese drones from US government use.,high,2026-03-20
snorkel-ai,Snorkel AI,active,2019,"Palo Alto, CA",,Data-Centric AI; AI Infrastructure,,238.0,1300.0,,,,,,,,medium,2026-03-20
snyk,Snyk,public,2015,"Boston, MA (US HQ); Tel Aviv, Israel (R&D HQ)",https://snyk.io,AI-Powered Developer Tools,,1320.0,8500.0,,,,,,1000,,high,2026-03-20
sourcegraph,Sourcegraph,active,2013,"San Francisco, CA",https://sourcegraph.com,AI-Powered Developer Tools,,225.0,2600.0,,,,,,150,,high,2026-03-20
speak,Speak,active,2016,"San Francisco, California",https://www.speak.com,AI Language Learning,,162.0,1000.0,,,,~$100M (2025 estimate),,40,,medium,2026-03-20
sphere,Sphere,active,2023,"San Francisco, CA",https://www.getsphere.com,AI for Tax Compliance,,24.0,,,,,Undisclosed,,20,,medium,2026-03-20
ssi,Safe Superintelligence Inc.,stealth,2024,"Palo Alto, California",https://ssi.inc,Artificial Intelligence; AGI Safety,,3000.0,32000.0,,,,,,18,,medium,2026-03-20
stability-ai,Stability AI,active,2019,"London, United Kingdom",https://stability.ai,"Generative AI; Image, Video, Audio, 3D Synthesis",,181.0,1000.0,,,,,,190,,medium,2026-03-20
stepfun,StepFun,public,2023,"Xuhui District, Shanghai, China",https://www.stepfun.com,Foundation Models; Multimodal AI,,,,,,,,,400,,medium,2026-03-20
sumble,Sumble,active,2022,"San Francisco, CA",sumble.com,AI; Sales Intelligence; GTM Data,,,,,,,,,,,medium,2026-03-20
sunday-robotics,Sunday,active,2024,"California, USA (exact city unconfirmed; likely San Francisco Bay Area)",https://www.sunday.ai,Consumer Robotics; Household Automation,,200.0,1150.0,,,,,,,,medium,2026-03-20
suno,Suno,active,2021,"Cambridge, Massachusetts",https://suno.com,AI Music Generation,,375.0,2450.0,,,,$300M (February 2026),,50,,medium,2026-03-20
sunrise-ai,Sunrise,active,2024,"China (likely Shanghai/Shenzhen, aligned with SenseTime)",Not publicly confirmed,AI Chips; GPU Development,,431.0,,,,,,,,,medium,2026-03-20
synthesia,Synthesia,active,2017,"London, UK (20 Triton Street)",AI Video Generation (Avatar-based),generative-ai; video; avatars,,536.0,4000.0,,,,,,661,,medium,2026-03-20
tabnine,Tabnine,active,2013,"Tel Aviv, Israel",https://www.tabnine.com,AI-Powered Developer Tools,,67.0,,,,,,,72,,medium,2026-03-20
tavus,Tavus,active,2021,"San Francisco, CA",https://www.tavus.io,AI Video; Human Computing,,64.2,,Series B,2025-11-12,,,,40,,medium,2026-03-20
taxo,Taxo,active,2024,United States,,AI Applications; Healthcare,,5.0,,,,,,Harvard teaching hospitals (pilot); Stanford teaching hospitals (pilot),,,medium,2026-03-20
tenstorrent,Tenstorrent,active,2016,"Toronto, Ontario, Canada (with offices in Austin, TX and Santa Clara, CA)",https://tenstorrent.com,AI Hardware; Semiconductors; RISC-V IP Licensing,,1180.0,3200.0,,,,,,400,,medium,2026-03-20
tessl,Tessl,active,2024,"London, United Kingdom",https://tessl.io,AI-Powered Developer Tools,,125.0,750.0,,,,,,21,,high,2026-03-20
thinking-machines-lab,Thinking Machines Lab,public,2025,"San Francisco, CA",https://thinkingmachines.ai,AI; Frontier Models; Model Customization,,2000.0,12000.0,,,,,,30,,medium,2026-03-20
thoughtspot,ThoughtSpot,active,2012,"Mountain View, California, USA",https://www.thoughtspot.com,AI-Native Business Intelligence & Analytics,,,,,,,,,,,medium,2026-03-20
together-ai,Together AI,active,2022,"San Francisco, CA",https://www.together.ai,AI Infrastructure; Cloud,,534.0,3300.0,,,,,,,,medium,2026-03-20
tome,Tome,acquired,2020,"San Francisco, CA",tome.app,AI Presentations; Sales Intelligence (pivoted),,,,,,,,,30,,medium,2026-03-20
tonic-ai,Tonic.ai,active,2018,"San Francisco, California, USA",https://www.tonic.ai,Synthetic Data & Data Privacy,,,,,,,,,,,medium,2026-03-20
tractian,Tractian,active,2019,"Atlanta, GA (originally Sao Paulo, Brazil)",https://tractian.com,Manufacturing AI; Industrial AI,,180.0,720.0,,,,,,500,,medium,2026-03-20
tripo-ai,Tripo AI,active,2023,"Beijing, China (with global user base, 90% outside China)",https://www.tripo3d.ai,AI 3D Generation; Generative AI,,50.0,,,,,,,50,,medium,2026-03-20
turing,Turing,active,2018,"Palo Alto, California, USA",https://www.turing.com,AI; Developer Platform; LLM Training Infrastructure,,247.0,2200.0,"Series E ($111M, March 2025)",,,,,5000,,high,2026-03-20
twelve-labs,Twelve Labs,active,2021,"San Francisco, CA (660 4th Street)",twelvelabs.io,Multimodal AI; Video Understanding,,107.0,300.0,,,,,,,,medium-high,2026-03-20
typeface,Typeface,active,2022,"Palo Alto, California",typeface.ai,Enterprise AI; Generative AI for Marketing & Content,,305.0,1000.0,,,,,,250,,high,2026-03-20
udio,Udio,active,2023,"New York, NY, USA",udio.com,AI Music Generation,,,,,,,,,,,high (funding figures and founder names widely corroborated; some details like exact valuation and Series A timing are uncertain),2026-03-20
unconventional-ai,Unconventional AI,active,2025,"San Francisco, CA (some sources report San Diego, CA)",https://unconv.ai,AI Hardware; Neuromorphic Computing,,,,,,,,,26,,medium,2026-03-20
unstructured,"Unstructured (Unstructured Technologies, Inc.)",active,2022,"Rocklin, California (Sacramento metro area)",https://unstructured.io,AI Infrastructure; Data ETL & Preprocessing,,65.0,,"Series B ($40M, March 2024)",,,,,,,high,2026-03-20
vannevar-labs,Vannevar Labs,active,2019,"San Francisco, California",https://www.vannevarlabs.com,defense-govtech; artificial-intelligence; intelligence-analysis,"AI-powered intelligence analysis platform for US military and intelligence community, specializing in Indo-Pacific operations.",91.5,,,,"Enterprise AI software for intelligence analysis. Vannevar Labs builds AI-powered platforms that ingest, fuse, and analyze multi-source intelligence data to provide real-time actionable insights for military commanders and intelligence analysts. Revenue comes from government contracts, including a major DIU (Defense Innovation Unit) production contract. The company follows a land-and-expand model within the defense/IC customer base, starting with specific combatant commands and expanding across the DoD.",Revenue grew from $3.5M in 2021 to $80M in 2024 -- a 23x increase in three years. Company achieved profitability within three years of founding. DIU production contract (awarded Nov 2024) has a ceiling value of $99M with $16M obligated at award. Over 200 employees as of December 2025. [Confidence: high -- revenue figures from Contrary Research and company disclosures.],U.S. Indo-Pacific Command (INDOPACOM); Air Force Special Operations Command (AFSOC); U.S. Special Operations Command (SOCOM); National Air and Space Intelligence Center (NASIC); Defense Innovation Unit (DIU); U.S. Intelligence Community,,"No China connection. CEO Brett Granberg comes from In-Q-Tel (CIA's venture arm). The company's primary mission is supporting US military operations against peer adversaries, with particular focus on the Indo-Pacific theater (i.e., deterring China). Vannevar works exclusively with US defense and intelligence customers.",high,2026-03-20
vast-data,VAST Data,active,2016,"New York, NY (R&D center in Tel Aviv, Israel)",https://www.vastdata.com,AI; Data Infrastructure & Storage Platform,,1380.0,30000.0,,,,,,500,,high,2026-03-20
vectara,Vectara,active,2022,"Palo Alto, CA",https://www.vectara.com,RAG-as-a-service; enterprise AI search; AI infrastructure,"End-to-end RAG-as-a-service platform for enterprise AI search and retrieval, founded by ex-Google/Cloudera co-founder Amr Awadallah.",73.5,,,,"SaaS / usage-based. Credit-based pricing where credits represent usage across API calls, data storage, and compute for processing different data types (tables, images, etc.) in the RAG pipeline. Enterprise plans: Small ($100K/year), Medium ($250K/year), Large ($500K/year). VPC and on-premise deployment options available. Also offers forward-deployed engineers and platinum support as add-ons. Free tier available for developers. Hybrid GTM combining product-led growth (self-serve signup) and enterprise sales.",No public revenue figures available. Enterprise pricing starting at $100K/year suggests meaningful ACV. Broadcom partnership is the most prominent named customer win. ~72 employees as of late 2025 across 4 continents.,"Broadcom (selected Vectara for agentic conversational AI customer service, announced 2025); IEEE; Anywhere; Serves financial services, insurance, healthcare, manufacturing, legal, and e-commerce verticals",72,"No known Chinese-origin founders. The founding team has roots in Egypt (Awadallah), with Google and Cloudera pedigree. No significant public China connections.",medium,2026-03-20
vercel,Vercel,active,2015,"San Francisco, CA",https://vercel.com,Developer Tools; Frontend Cloud; AI Code Generation,,863.0,9300.0,"Series F ($300M, September 2025)",,,,,875,,medium,2026-03-20
viz-ai,Viz.ai,active,2016,"San Francisco, CA",https://www.viz.ai,Healthcare AI; Clinical Decision Support,,252.0,1200.0,,,,,,325,,medium,2026-03-20
vultr,Vultr,active,2014,"Fort Lauderdale, Florida",https://www.vultr.com,AI; GPU Cloud Infrastructure,,,,,,,,,500,,medium-high,2026-03-20
wayve,Wayve,active,2017,"London, United Kingdom",https://wayve.ai,,,2500.0,8600.0,,,,,,,,medium,2026-03-20
weaviate,Weaviate,active,2019,"Amsterdam, Netherlands",https://weaviate.io,vector databases; AI infrastructure; search,"Open-source, AI-native vector database built in Go, founded by Dutch entrepreneur Bob van Luijt who started coding at 15 and studied jazz composition before pivoting to infrastructure.",117.6,200.0,,,"Open-core SaaS. The core Weaviate vector database is open-source (BSD-3 license) and free to self-host. Revenue comes from Weaviate Cloud Services, offered in three tiers: (1) Shared Cloud (formerly Serverless Cloud) -- multi-tenant, pay-as-you-go; (2) Dedicated Cloud (formerly Enterprise Cloud) -- fully managed dedicated resources with enterprise-grade support, RBAC, SOC 2, HIPAA compliance; (3) Bring Your Own Cloud (BYOC) -- Weaviate manages the database on the customer's cloud infrastructure. Enterprise pricing is based on annual contracts using AI Units (AIUs), with AWS and Azure Marketplace starting contracts at $10,000 for 12 months. Pricing updated October 27, 2025 with new dimensions including storage and backups, regional pricing variations, and HA cluster options.","$12.3M annual revenue in 2024, per Latka. 104 employees at that time, implying ~$118K revenue per employee. Employee count grew 68% in 2024. Employee count has since contracted to ~81 as of February 2026, which may indicate cost discipline or restructuring. No public 2025 revenue figures found.","Instabase (50K+ tenants, 450+ data types indexed for a single customer solution); Red Hat; NetApp; Morningstar; Cisco; Bunq; Stack AI; 2,000+ companies in production (as of Series B announcement, 2023); 50,000+ AI builders in the community (as of 2025)",81,No known Chinese-origin founders. The founding team is Dutch and German. No significant public China connections.,medium,2026-03-20
weights-and-biases,Weights And Biases,active,,,,,,,,,,,,,,,low,2026-03-20
weka,WEKA,active,2013,"Campbell, California, USA",https://www.weka.io,AI Data Infrastructure; High-Performance Storage,,375.0,1600.0,,,,,,533,,medium,2026-03-20
windsurf,Windsurf,acquired,2021,"Mountain View, CA",,AI Developer Tools; AI Code Editor,,243.0,,,,,,,,,medium,2026-03-20
world-labs,World Labs,active,2024,"San Francisco, CA",https://www.worldlabs.ai,spatial intelligence; 3D generation; world models,"Spatial intelligence startup building Large World Models that generate and reason about 3D environments, founded by AI pioneer Fei-Fei Li.",1230.0,5000.0,,,"SaaS + API + enterprise partnerships. Primary product is Marble, a generative world model platform launched publicly in November 2025. Consumer/prosumer tiers: Free (4 generations), Standard ($20/mo, 12 generations), Pro ($35/mo, 25 generations, commercial rights), Max ($95/mo, 75 generations). World API launched January 2026 with credit-based pricing ($1.00 per 1,250 credits, $5 minimum). Strategic enterprise partnerships (e.g., Autodesk collaboration for entertainment/3D workflows). Target customers: creators, game studios, film/VFX, architects, and enterprises needing high-fidelity 3D content at scale.","No public revenue figures. Product launched only in November 2025 (beta earlier), so commercial traction is very early-stage. The Autodesk strategic investment ($200M) and partnership signals serious enterprise interest. Pricing tiers suggest initial focus on prosumer and indie creator adoption with enterprise upsell.",,,"CEO and lead founder Fei-Fei Li was born in Beijing, raised in Chengdu, and immigrated to the U.S. at 16. She is arguably the most prominent mainland Chinese-born figure in the global AI research community. Her immigration story -- from working at a family dry-cleaning shop to becoming a Stanford professor and creating ImageNet -- is a canonical narrative in American tech. The other three co-founders (Johnson, Mildenhall, Lassner) do not appear to have Chinese origins.",medium-high,2026-03-20
writer,Writer,active,2020,"San Francisco, CA",https://writer.com,Enterprise AI; Generative AI,,369.0,1900.0,,,,,,200,,high,2026-03-20
xai,xAI,acquired,2023,"San Francisco, CA (operations centered in Memphis, TN)",https://x.ai,AI; Foundation Models; Consumer AI,,45000.0,250000.0,,,,,,1000,,medium,2026-03-20
xaira-therapeutics,Xaira Therapeutics,active,2024,"San Francisco Bay Area, CA",https://xaira.com,Biotech AI; Drug Discovery,,1000.0,4000.0,,,,,,100,,medium,2026-03-20
zhipu-ai,Zhipu AI (Z.ai / Knowledge Atlas Technology),active,2019,"Beijing, China (Tsinghua University Science Park)",https://www.zhipuai.cn/en,,,,,,,,,,1000,,medium,2026-03-20
