company_slug,name,role,background,origin,prior
01-ai,Kai-Fu Lee,CEO,,,
01-ai,Anita Huang,Co-Founder,,,
01-ai,Ken Qi,Co-Founder,,,
1x-technologies,Bernt Oivind Bornich,Founder & CEO,"Norwegian roboticist. Studied at University of Oslo. Described as a ""science nerd, roboticist, and jack-of-all-trades."" Has led the company from its 2014 founding through rebranding and pivot to consumer humanoids.
",,
1x-technologies,Phuong Nguyen,"Co-founder, former CTO",,,
1x-technologies,Jorgen Sundell,Co-founder (Machinist),,,
1x-technologies,Pal Loken,Co-founder (Board Member),,,
7ai,Lior Div,CEO,,,
7ai,Yonatan Striem-Amit,CTO,,,
aaru,Cameron Fink,Co-founder & CEO,,,
aaru,Ned Koh,Co-founder & President,,,
aaru,John Kessler,Co-founder & CTO,,,
abnormal-security,Evan Reiser,CEO & Co-Founder,"BS in Computer Systems Engineering from Rensselaer Polytechnic Institute. Started career at Eastman Kodak (2003) doing ML R&D for intelligence applications, then S&P Capital IQ as a software engineer (2006). Serial founder: founded Bloomspot (online-to-offline advertising, sold to JP Morgan ~2010), then AdStack (ML-powered ad tech, acquired by TellApart 2013). TellApart was acquired by Twitter in 2015. At Twitter (2015-2018), led product management and ML teams for the advertising business.",American.,
abnormal-security,Sanjay Jeyakumar,CTO & Co-Founder,"BS in EECS from UC Berkeley. MS in Computer Science from Stanford University. Worked at Oracle (2003-2005), PARC intern (2002), then Google (2005-2009) on next-gen Search and Android launch. Founding engineer and architect at TellApart (2009-2015), building personalization systems for large retailers. At Twitter (2015-2018), served as systems architect for distributed data processing and ML systems powering the ads business.",Indian-American.,
abridge,"Shiv Rao (Shivdev Rao, MD)",CEO & Co-Founder,,,
abridge,Sandeep Konam,Co-Founder & CTO,,,
abridge,Florian Metze,Co-Founder (departed 2019),,,
act-security,Jonathan Langer,CEO,Co-founded Medigate (acq by Claroty).,Israeli,
act-security,Itay Kirshenbaum,CTO,Co-founded Medigate.,Israeli,
aeon-health,Tim Seithe,CEO,Previously founded Tillhub (sold to Unzer/KKR),,
aeon-health,Samuel Frey,CPO,"Decade in product, led turnaround at Platomics",,
agility-robotics,Jonathan Hurst,Co-Founder & Chief Robot Officer,"B.S. in Mechanical Engineering, M.S. and Ph.D. in Robotics, all from Carnegie Mellon University. Professor at Oregon State University, where he co-founded the OSU Robotics Institute and ran the Dynamic Robotics Laboratory. His academic research on physics-based legged locomotion formed the scientific foundation for Cassie and Digit. Transitioned from CTO to Chief Robot Officer in April 2023 to focus on R&D roadmap, industrial design, and innovation pipeline. Remains on OSU faculty.
",American,
agility-robotics,Damion Shelton,"Co-Founder & Chairman of the Board (formerly CEO, then President, then Chief Engagement Officer)","Ph.D. in Robotics from Carnegie Mellon University, where he met Hurst. Served as CEO from founding through March 2024, then transitioned to President, and later to Chief Engagement Officer (December 2024), focusing on commercial and investor engagement. Now serves as Chairman.
",American,
agility-robotics,Mikhail Jones,Co-Founder & VP of Software,"Was Jonathan Hurst's graduate student at Oregon State University. Leads software development for Digit.
",[not publicly detailed],
ai21-labs,Yoav Shoham,"Co-Founder, Co-CEO","Professor Emeritus of Computer Science, Stanford University; former Google Principal Scientist; PhD CS Yale",,
ai21-labs,Ori Goshen,"Co-Founder, Co-CEO","Serial entrepreneur (Fring, Crowdx); IDF Unit 8200 veteran; 15+ years technology leadership",,
ai21-labs,Amnon Shashua,Co-Founder,"CS Professor, Hebrew University of Jerusalem; Co-founder of Mobileye (Intel acquisition, $15.3B), OrCam, OneZero; 160+ papers, 94+ patents",,
ambience-healthcare,Mike Ng,Co-Founder / CEO,,,
ambience-healthcare,Nikhil Buduma,Co-Founder / CTO,,,
ami-labs,Yann LeCun,Chairman,"Turing Award winner (2018) for pioneering work on convolutional neural networks. Former VP and Chief AI Scientist at Meta (2013-2025). PhD from Sorbonne. Professor at NYU. Invented LeNet, foundational to modern deep learning.","French. Born in Paris. Educated at ESIEE and Sorbonne. Moved to the US in the 1980s, held positions at Bell Labs and NYU.",
ami-labs,Alex LeBrun,CEO,"Former Meta engineer. Founded Nabla, a digital health AI company (now chairman of Nabla). Serial entrepreneur with deep experience in NLP and conversational AI.",French.,
anduril,Palmer Luckey,Founder,Founded Oculus VR at age 19; sold to Facebook for $2.3B in 2014. Self-taught hardware engineer; attended community college and CSU Long Beach (did not graduate). Built VR headset prototypes starting at age 16. Forbes net worth ~$3.5B (Feb 2026).,"White American (English ancestry), born in Long Beach, CA",
anduril,Brian Schimpf,Co-Founder & CEO,Former Director of Engineering at Palantir Technologies. Founded Cornell University's autonomous vehicle research program (DARPA Grand Challenge / Urban Challenge). BS in Operations Research & Industrial Engineering from Cornell.,American,
anduril,Trae Stephens,Co-Founder & Executive Chairman,"Partner at Founders Fund. Georgetown School of Foreign Service (Arabic & Security Studies). Former computational linguist in the US Intelligence Community (Arabic/Persian). Early employee at Palantir, led defense/intel growth.",American,
anduril,Matt Grimm,Co-Founder & COO,Co-founded Cornell's autonomous vehicle team with Brian Schimpf. BS in Mechanical & Aerospace Engineering and MEng in Systems Engineering from Cornell.,American,
anduril,Joseph Chen,Co-Founder,"One of the first employees at Oculus VR (hardware/product lead). US Army National Guard paratrooper, 1-143rd Infantry Battalion (Airborne). Prior work in AR at Epson. BA in Electrical Engineering from Rice University; MBA from USC.",Asian American,
anomalo,Elliot Shmukler,Co-Founder & CEO,,,Instacart (VP of Product & Growth); LinkedIn (Head of Growth); Wealthfront
anomalo,Jeremy Stanley,Co-Founder & CTO,PhD (inferred from technical background),,Instacart (VP of Data Science)
anthropic,Dario Amodei,CEO,"PhD in biophysics from Princeton. VP of Research at OpenAI, where he led development of GPT-2 and GPT-3 and co-invented RLHF. Previously at Baidu and Google.","Italian-American and Jewish-American. Father (Riccardo Amodei) from Massa Marittima, Tuscany; mother (Elena Engel) Jewish-American from Chicago. Grew up in San Francisco.",
anthropic,Daniela Amodei,President,BA in English Literature from UC Santa Cruz. Early employee at Stripe (2013). VP of Safety & Policy at OpenAI. Background in global health and politics before tech.,Italian-American and Jewish-American (same family as Dario).,
anthropic,Tom Brown,Co-Founder,M.Eng. in Computer Science and Brain & Cognitive Sciences from MIT. Led GPT-3 engineering at OpenAI. Previously at Google Brain. Co-founded YC-backed startup Grouper.,American (limited public info on ethnic background).,
anthropic,Jack Clark,"Co-Founder, Head of Policy",Attended University of East Anglia. Former tech journalist at Bloomberg BusinessWeek and The Register. Policy Director at OpenAI.,American. Educated partly in the UK.,
anthropic,Jared Kaplan,"Co-Founder, Chief Science Officer",PhD in physics from Harvard (advised by Nima Arkani-Hamed). Associate professor of physics at Johns Hopkins. Co-authored the landmark 'Scaling Laws for Neural Language Models' paper at OpenAI.,American.,
anthropic,Sam McCandlish,"Co-Founder, Chief Architect","PhD in Theoretical Physics from Stanford. Math and Physics from Brandeis. Postdoctoral fellow at Boston University. Research team lead at OpenAI, instrumental in GPT-3 development.",American.,
anthropic,Christopher Olah,"Co-Founder, Research Director",Canadian. Left university at 18 without a degree. Thiel Fellow. Pioneered neural network interpretability research at Google Brain and OpenAI. Created influential blog (colah.github.io) on understanding neural networks.,Canadian.,
applied-intuition,Qasar Younis,Co-Founder & CEO,"Pakistani American. Born on a farm in Pakistan; emigrated to the US in 1988, grew up in the Detroit area. Studied engineering at General Motors Institute of Technology (now Kettering University) in Flint, MI, where he managed a V6 engine line at a GM plant. MBA from Harvard Business School. Started career as engineer at General Motors, then Bosch in Japan. Co-founded Talkbin (acquired by Google, 2011). Served as COO of Y Combinator under Sam Altman.","Pakistani American, raised in Detroit metro area",
applied-intuition,Peter Ludwig,Co-Founder & CTO,"Computer Science degrees from University of Michigan. Spent five years as an engineer at Google, leading efforts on Google Maps and Android Automotive. Met Qasar Younis while at Google. Built sensors for a Google Street View car. Fellow Michigander -- shared Detroit/auto-industry upbringing shaped the company's thesis.","American, raised in Michigan",
appzen,Anant Kale,Co-founder & CEO,,,
appzen,Kunal Verma,Co-founder & CTO,,,
arago-photonics,Nicolas Muller,CEO,ML from MIT. DeepTech startup experience.,French,
arago-photonics,Eliott Sarrey,CTO,Ecole Polytechnique + ETH Zurich. Google Science Fair winner.,French,
arena,Anastasios Nikolas Angelopoulos,CEO,,,
arena,Wei-Lin Chiang,CTO,,,
arena,Ion Stoica,Co-founder & Advisor,,,
arize-ai,Aparna Dhinakaran,Co-Founder & Chief Product Officer,,"Chennai, India (born in Chennai; parents immigrated to US when she was 6 months old; Berkeley EECS)",
arize-ai,Jason Lopatecki,Co-Founder & CEO,,United States,
assembled,Ryan Wang,Co-Founder & CEO,"ML Engineer at Stripe (~employee #80); M.S. Statistics & B.A. Economics, University of Chicago",,
assembled,John Wang,Co-Founder & CTO,"Software Engineer at Stripe (~employee #100); B.S. Computer Science, MIT; prev. Palantir, 37signals, co-founded Zinc",,
assembled,Brian Sze,Co-Founder,"Head of Business Operations at Stripe (2012-2016, employee ~30-500 scale); B.A. Economics, Stanford; prev. Obama for America analytics team",,
atlan,Prukalpa Sankar,Co-Founder & Co-CEO,"Nanyang Technological University, Singapore",Indian,Co-Founder of SocialCops; Forbes 30 Under 30; TED Speaker
atlan,Varun Banka,Co-Founder & Co-CEO,"Nanyang Technological University, Singapore",Indian,Co-Founder of SocialCops
axiom-ai,Carina Hong,CEO & Founder,25-year-old Stanford University PhD student in mathematics. MIT graduate. Described as a 'math wizard.' Research focus on formal verification and mathematical proof systems.,"American (of Asian descent, based on name and limited public info).",
axiom-math,Carina Hong,CEO,"25-year-old Rhodes Scholar, MIT grad, Morgan Prize winner",,
axiom-math,Shubho Sengupta,CTO,"Led Meta AI supercluster, CrypTen secure ML",,
baichuan-intelligence,Wang Xiaochuan (王小川),Founder & CEO,"['Tsinghua University, Computer Science (entered via national informatics olympiad)']",,
basis,Matthew Harpe,Co-Founder & CEO,,,
basis,Mitchell Troyanovsky,Co-Founder,,,
bland-ai,Isaiah N. Granet,Co-Founder & CEO,,,
bland-ai,Sobhan Nejad,Co-Founder & COO,,,
blocks-diy,Michal Lupu,CEO,Former VP Product at monday.com,,
blocks-diy,Tal Haramati,CTO,"Former VP Tech, founding team at monday.com",,
bolt,Eric Simons,CEO & Co-Founder,,,
bolt,Albert Pai,CTO & Co-Founder,,,
brightwave,Mike Conover,Co-Founder & CEO,,,
brightwave,Brandon Kotara,Co-Founder & CTO,,,
browser-use,Magnus Muller,Co-Founder,ETH Zurich,,
browser-use,Gregor Zunic,Co-Founder,ETH Zurich,,
callosum,Danyal Akarca,Co-Founder,,,
callosum,Jascha Achterberg,Co-Founder,,,
cartesia,Karan Goel,CEO,,,
cartesia,Albert Gu,Chief Scientist,,,
cartesia,Arjun Desai,,,,
cartesia,Brandon Yang,,,,
cartesia,Chris Ré,"Stanford Professor, co-founder",,,
chaos-industries,John Tenet,Co-Founder & CEO,"Previously co-founded Epirus, a directed-energy weapons startup. Background in defense technology and counter-drone systems. Serial defense tech entrepreneur.",American,
chaos-industries,Bo Marr,Co-Founder,"Previously co-founded Epirus alongside John Tenet. Background in defense technology, directed energy, and counter-drone systems.",American,
chaos-industries,Brett Cummings,Co-Founder,Defense technology entrepreneur and co-founder of Chaos Industries.,American,
character-ai,Noam Shazeer,"departed to Google, August 2024",,,
character-ai,Daniel De Freitas,"departed to Google, August 2024",,,
cognition-ai,Scott Wu,CEO,,,
cognition-ai,Steven Hao,CTO,,,
cognition-ai,Walden Yan,CPO,,,
cohere,Aidan Gomez,Co-founder & CEO,"Canadian (grew up in Brighton, Ontario). Co-author of the seminal 2017 ""Attention Is All You Need"" transformer paper while a 20-year-old intern at Google Brain. BSc in Computer Science and Mathematics from the University of Toronto. PhD in Computer Science from the University of Oxford (granted 2024; paused studies to launch Cohere). Named to TIME 100/AI list (2023). Elected to Rivian board (April 2025).
",Canadian,
cohere,Ivan Zhang,Co-founder,"Canadian, son of immigrants (likely Chinese-Canadian based on Asian Hustle Network feature, though not explicitly confirmed). Attended Richmond Hill High School in Ontario. BSc in Computer Science from the University of Toronto (2014-2016, did not complete full degree). Previously founded FOR.ai (now Cohere Labs), worked in biotech and MLOps.
","Canadian (Chinese heritage, unconfirmed)",
cohere,Nick Frosst,Co-founder,"Canadian. BSc in Computer Science from the University of Toronto. Former machine learning researcher at Google Brain under Geoffrey Hinton. Also the frontman of indie rock band Good Kid, which has achieved significant commercial success. Named to Maclean's 2023 AI Power List alongside co-founders.
",Canadian,
copy-ai,Paul Yacoubian,Co-Founder & CEO,,,
copy-ai,Chris Lu,Co-Founder & CTO,,,
coreweave,Michael Intrator,CEO,,,
coreweave,Brian Venturo,CTO,,,
coreweave,Brannin McBee,Chief Strategy Officer,,,
corvus-robotics,Jackie Wu,Co-founder & CEO,"MIT alumnus. Leads Corvus from concept through Y Combinator (S18 batch) to commercial deployment of autonomous warehouse inventory drones.
",,
corvus-robotics,Mohammed Kabir,Co-founder,"MIT alumnus. Brings deep technical expertise in autonomous systems and computer vision.
",,
corvus-robotics,Jonathan Sandau,Co-founder,,,
corvus-robotics,Bryan Monti,Co-founder,,,
covariant,Pieter Abbeel,"Co-Founder, President & Chief Scientist (now at Amazon)",PhD in CS from Stanford under Andrew Ng. Professor at UC Berkeley; Director of the Berkeley Robot Learning Lab. Former researcher at OpenAI. One of the most cited robotics/RL researchers globally. Belgian-American.,,
covariant,Peter Chen,Co-Founder & CEO (now at Amazon),PhD student of Pieter Abbeel at UC Berkeley. Former researcher at OpenAI. Led Covariant as CEO from founding.,,
covariant,Rocky Duan,Co-Founder & CTO (now at Amazon),PhD student of Pieter Abbeel at UC Berkeley. Former researcher at OpenAI.,,
covariant,Tianhao Zhang,Co-Founder (remained at Covariant),Former student of Pieter Abbeel at UC Berkeley. Former researcher at Microsoft. One of the two leaders of the post-Amazon Covariant entity.,,
cradle,Stef van Grieken,Co-Founder & CEO,"Master's in Industrial Engineering from University of Groningen. Senior Product Manager and leadership team at Google Research & Machine Intelligence. Co-lead of a Google X project; worked on Google Maps and Android. Previously co-founded Open State Foundation (government transparency nonprofit), which won Time Magazine Top Website 2012 and European Public Sector Award.",Dutch.,
cradle,Jelle Prins,Co-Founder & CPO,Joined Uber in 2009 as one of the first employees in Europe. Later launched a mobile agency (clients included Booking.com). Returned to Uber for a seven-year stint helping scale the company globally. Brings product and design expertise.,Dutch.,
cradle,Eli Bixby,Co-Founder & CTO,Former Google Brain engineer. Brought deep machine learning expertise to the founding team.,American (unconfirmed — limited public info).,
cradle,Elise de Reus,Co-Founder,"PhD. Previously at Zymergen and DSM, specializing in high-throughput experimentation and bioprocess development.",Dutch.,
cradle,Harmen van Rossum,Co-Founder,Previously at Zymergen and DSM. Runs Cradle's wet lab in Amsterdam. Expertise in high-throughput experimentation.,Dutch.,
credo-ai,Navrina Singh,Founder & CEO,,India (Bachelor's in Electronics & Telecommunication Engineering from India; MS ECE from University of Wisconsin-Madison; MBA from USC Marshall),
cresta,Zayd Enam,Co-Founder (former CEO),,,
cresta,Sebastian Thrun,Co-Founder & Board Member,,,
cresta,Tim Shi,Co-Founder,,,
crusoe,Chase Lochmiller,CEO,,,
crusoe,Cully Cavness,President & COO,,,
cuspai,Dr. Chad Edwards,Co-Founder / CEO,Chemist turned DeepTech entrepreneur; previously scaled Quantinuum (quantum computing unicorn),,
cuspai,Prof. Max Welling,Co-Founder / Chief Scientist,AI pioneer; former Distinguished Scientist at Microsoft Research; VP of Technology at Qualcomm; professor at University of Amsterdam,,
cvector,Richard Zhang,CEO,"Ex-Shell, CERN",,
cvector,Tyler Ruggles,Co-founder,"Ex-Shell, CERN",,
databricks,Ali Ghodsi,Co-Founder & CEO,"PhD Distributed Computing, KTH Royal Institute of Technology (2006); MBA, Mid-Sweden University; MSc Computer Engineering, Mid-Sweden University","Iranian-Swedish (born in Iran, raised in Sweden)","Adjunct Professor, UC Berkeley"
databricks,Ion Stoica,Co-Founder & Executive Chairman,"MS Electrical Engineering & CS, Polytechnic University of Bucharest; PhD, Carnegie Mellon University (inferred from CS career path, started at Old Dominion University)",Romanian-American (born in Romania),"Professor of Computer Science, UC Berkeley; Co-director of AMPLab"
databricks,Matei Zaharia,Co-Founder & CTO,"Undergraduate, University of Waterloo; PhD, UC Berkeley",Romanian-Canadian,Creator of Apache Spark; Assistant Professor at Stanford University (previously MIT)
databricks,Patrick Wendell,Co-Founder,"PhD student, UC Berkeley (AMPLab)",American (unconfirmed - limited public info),Early Spark contributor
databricks,Reynold Xin,Co-Founder,"PhD Computer Science, UC Berkeley","Chinese-American (unconfirmed - inferred from name, limited public info)",Research scientist at AMPLab; co-created core Spark APIs
databricks,Andy Konwinski,Co-Founder,"PhD student, UC Berkeley (AMPLab)",American (unconfirmed - limited public info),Contributor to Apache Mesos and Spark projects
databricks,Arsalan Tavakoli-Shiraji,Co-Founder,UC Berkeley,Iranian-American (inferred from name - unconfirmed),McKinsey & Company
datacurve,Serena Ge,Co-Founder,Former ML engineer intern at Cohere,,
datacurve,Charley Lee,Co-Founder,Former intern at Google; AI research on multi-modal RL and browser-use agents,,
dataminr,Ted Bailey,CEO & Chairman,,,
dataminr,Jeff Kinsey,CTO,,,
dataminr,Sam Hendel,co-founder; no longer in operating role,,,
datawizz,Iddo Gino,CEO,Previously built RapidAPI into world largest API marketplace,,
david-ai,Tomer Cohen,CEO,Former Scale AI employee,,
david-ai,Ben Wiley,CTO,Former Scale AI employee,,
decagon,Jesse Zhang,Co-Founder & CEO,"B.S. Computer Science from Harvard University. Interned at Citadel, Google, Hudson River Trading, Intel, and Kensho. Founded Lowkey, a social gaming startup backed by Y Combinator and a16z, which was acquired by Niantic (maker of Pokemon GO) in 2021 in a mid-eight-figure transaction. Worked on the Social team at Niantic post-acquisition. Forbes 30 Under 30 (AI list). Grew up in Boulder, Colorado.
",,
decagon,Ashwin Sreenivas,Co-Founder & CTO,"B.S. and M.S. in Computer Science from Stanford University. Worked as Deployment Strategist at Palantir Technologies. Co-founded Helia (AI startup acquired by Scale AI in December 2020), where he served as CTO. Deep expertise in AI/ML infrastructure and enterprise deployments.
",,
deepl,Jaroslaw (Jarek) Kutylowski,CEO (since 2019; previously CTO),['PhD in Computer Science (emphasis on mathematics) -- institution not publicly confirmed'],,
deepl,Gereon Frahling,Former Head of Research (departed ~2019),['PhD (field unconfirmed)'],,
deepl,Leonard Fink,Co-founder (current role unclear),,,
descript,Andrew Mason,Executive Chairman (formerly CEO),"Co-founder & former CEO of Groupon; Northwestern University (Music, 2003); founded Detour (audio tours app, acquired by Bose 2018)",,
devrev,Dheeraj Pandey,Co-Founder & CEO,,"Bihar, India (IIT Kanpur graduate; previously co-founded Nutanix, took it public in 2016)",
devrev,Manoj Agarwal,Co-Founder & CTO,,India (former SVP of Engineering at Nutanix),
distyl-ai,Arjun Prakash,CEO,"Cornell BS EE/CS. Ex-BlackRock, Palantir, Snorkel AI.",Indian-American,
distyl-ai,Derek Ho,COO,Ex-Palantir.,Chinese-American,
elevenlabs,Mati Staniszewski,CEO,"Ex-Palantir deployment strategist; studied mathematics at Imperial College London; grew up in Warsaw, Poland",,
elevenlabs,Piotr Dabkowski,CTO,"Ex-Google machine learning engineer; degrees from Oxford and Cambridge (AI/ML focus); NeurIPS-published researcher (image detection); grew up in Warsaw, Poland",,
eliseai,Minna Song,CEO & Co-Founder,,,
eliseai,Stoyan (Tony) Stoyanov,CTO & Co-Founder,,,
emanate,Kiara Nirghin,CEO,"Stanford AI researcher, Google Science Fair Grand Prize winner, Thiel Fellow, youngest Google Impact Fund board member",,
emerald-ai,Varun Sivaram,CEO,"Rhodes Scholar, physicist. Ex-McKinsey. Former CTO ReNew (India largest renewable). Biden admin adviser to John Kerry.",Indian-American,
emergent,Mukund Jha,CEO,Former Co-Founder/CTO at Dunzo; worked at Google,,
emergent,Madhav Jha,CTO,Von Neumann postdoctoral fellow at Sandia National Labs; founding member of Amazon SageMaker research team,,
endra,Niklas Lindgren,CEO,Serial entrepreneur. Founded Sectragon (sold to PE). Saw MEP design inefficiency.,Swedish,
endra,Gustav Hammarlund,Technical Co-founder,Built Goldman Sachs EMEA equity trading infrastructure.,Swedish,
entalpic,Mathieu Galtier,CEO,Former Chief Data & Platform Officer at Owkin (AI drug discovery unicorn); built Owkin's data partnership network with industrial leaders,,
entalpic,Victor Schmidt,CTO,Researcher at Mila (Quebec AI Institute); authored papers on predictive and generative models for materials,,
entalpic,Alexandre Duval,CSO (Chief Scientific Officer),Researcher at Mila (Quebec AI Institute); co-authored foundational papers on AI for materials discovery,,
epirus,Bo Marr,Co-Founder,Defense technology entrepreneur. Also co-founded Chaos Industries. Background in electromagnetic systems and directed-energy technology.,American,
epirus,Joe Lonsdale,Co-Founder,Co-founder of Palantir Technologies and managing partner of 8VC. Stanford University graduate. One of the most prolific defense tech investors and company builders in Silicon Valley.,American,
epirus,John Tenet,Co-Founder,Defense tech entrepreneur who later co-founded Chaos Industries. Background in defense technology and electronic warfare.,American,
epirus,Max Mednik,Co-Founder,Technology entrepreneur and investor. Background in building technology companies.,American,
epirus,Nathan Mintz,Co-Founder,Defense technology entrepreneur with expertise in directed-energy systems and counter-electronics applications.,American,
eridu,Drew Perkins,CEO & Co-Founder,"Networking industry veteran since the 1980s. Helped create Point-to-Point Protocol (PPP), a key part of TCP/IP. Co-founded Lightera Networks (sold to Ciena for $500M+, 1999). Co-founded Infinera (IPO'd, later sold to Nokia for $2.3B in 2025).",American.,
eridu,Omar Hassen,Chief Product Officer & Co-Founder,"Deep networking chip design experience. Previously held senior roles at Broadcom, Marvell, and International Rectifier managing chip design divisions.",Limited public information.,
eridu,Mike Capuano,Chief Business Development & Marketing Officer & Co-Founder,Most recently SVP of Business Development at Ventana Systems (RISC-V server chips). Background in semiconductor business development.,American.,
essential-ai,Ashish Vaswani,Co-Founder & CEO,,"Indian (born in India, raised in India and the Middle East)",
essential-ai,Niki Parmar,Co-Founder (departed ~September 2024),,"Indian (from Pune, India)",
evenup,Rami Karabibar,CEO & Co-Founder,,,
evenup,Saam Mashhad,CPO & Co-Founder,,,
evenup,Raymond Mieszaniec,COO & Co-Founder,,,
exa,Will Bryk,CEO,,,
exa,Jeff Wang,Co-Founder,,,
field-ai,Ali Agha,Founder & CEO,"Spent nearly a decade at NASA's Jet Propulsion Laboratory (JPL) specializing in robotics autonomy and physical AI. Led teams that competed in the DARPA Subterranean Challenge. Built FieldAI's core technology around enabling robots to operate autonomously without GPS, maps, or pre-programmed routes.
",,
fieldai,Ali Agha,CEO,PhD Robotics Texas A&M. 7 years at NASA JPL. Led DARPA Subterranean Challenge team.,Iranian-American,
figure-ai,Brett Adcock,Founder & CEO,"American, raised on a family farm near Moweaqua, Illinois. BS from University of Florida (2008). Serial entrepreneur: founded Vettery (hiring marketplace, acquired by Adecco Group ~2018), co-founded Archer Aviation (eVTOL, NYSE: ACHR, IPO 2021). Named to TIME100 AI list (2024). Also founded Cover (AI school-security startup, 2023) and Hark (independent AI lab, self-funded $100M, late 2025). Remains CEO of both Figure and Hark.
","American (white, rural Illinois)",
finster-ai,Sid Jayakumar,Founder,7 years AI research at Google DeepMind,,
flapping-airplanes,Ben Spector,Co-founder,,,
flapping-airplanes,Asher Spector,Co-founder,,,
flapping-airplanes,Aidan Smith,Co-founder,,,
flex-ai,Brijesh Tripathi,Co-founder & CEO,,,
flex-ai,Dali Kilani,Co-founder & CTO,,,
forsight-robotics,Prof. Moshe Shoham,Co-founder,"Professor at the Technion - Israel Institute of Technology. Pioneer in medical robotics, previously co-founded Mazor Robotics (acquired by Medtronic for $1.64B in 2018). One of the most accomplished surgical robotics entrepreneurs globally.
",,
forsight-robotics,Dr. Daniel Glozman,Co-founder & CEO,"Medical robotics expert with deep experience in surgical systems development. Leads ForSight's commercialization and clinical trial strategy.
",,
forsight-robotics,Dr. Joseph Nathan,Co-founder,,,
fourier-intelligence,Alex Gu (Gu Jie),Founder & CEO,"Graduated from Shanghai Jiao Tong University. Previously a sales executive at National Instruments. Founded Fourier in 2015 with a focus on rehabilitation robotics before pivoting to general-purpose humanoid robots. Has led the company through nine funding rounds.
",,
fundamental-ai,Jeremy Fraenkel,CEO & Co-Founder,Former DeepMind researcher. Details on specific DeepMind projects limited in public sources.,American (limited public information).,
fundamental-ai,Gabriel Suissa,Co-Founder,Former DeepMind researcher. Technical co-founder.,Israeli.,
fundamental-ai,Annie Lamont,Co-Founder,Co-founder. Additional background details limited in public sources.,Limited public information.,
furtherai,Aman Gour,CEO & Co-Founder,,,
furtherai,Sashank Gondala,CTO & Co-Founder,,,
galileo-ai,Vikram Chatterji,Co-Founder & CEO,"Google AI (Product Management, BERT/Transformers), Google Pay India, Android",,
galileo-ai,Atindriyo Sanyal,Co-Founder & CTO,"Uber AI (Engineering Lead, Michelangelo feature store), Apple (early Siri engineer)",,
galileo-ai,Yash Sheth,Co-Founder & COO,"Google (Tech Lead & Manager, Speech Recognizer platform, 9 years; scaled speech recognition 800x across 20+ products)",,
gather-ai,Sankalp Arora,Co-founder & CEO,"PhD from Carnegie Mellon University's Robotics Institute. Co-built one of the first autonomous helicopters, tested at FBI training grounds in Quantico. Led Gather AI from CMU spinout to commercial warehouse drone platform.
",,
gather-ai,Daniel Maturana,Co-founder & CTO,"PhD from Carnegie Mellon University's Robotics Institute. Expert in computer vision and 3D perception for autonomous systems.
",,
gather-ai,Geetesh Dubey,Co-founder,"PhD student at Carnegie Mellon University. Co-developed the autonomous helicopter technology that preceded Gather AI.
",,
general-intuition,Pim de Witte,CEO,CEO of Medal (largest gameplay-sharing platform),,
genesis-ai-robotics,Zhou Xian,CEO,"PhD robotics CMU, creator of Genesis physics simulation engine",,
genesis-ai-robotics,Theophile Gervet,Co-founder,Former research scientist at Mistral AI,,
gradium,Neil Zeghidour,CEO,"10 years at Meta AI, Google DeepMind. Co-created neural audio codecs. Co-founded Kyutai.",French (Algerian-French),
gradium,Olivier Teboul,CTO,Ex-Google Brain.,French,
gradium,Laurent Mazare,Chief Coding Officer,"Ex-DeepMind, Jane Street.",French,
gradium,Alexandre Defossez,CSO,"Ex-Meta AI. Co-invented EnCodec, MusicGen.",French,
groq,Jonathan Ross,Founder & CEO (now Chief Software Architect at Nvidia),Studied mathematics and computer science at NYU's Courant Institute under Yann LeCun. First undergraduate to complete PhD-restricted CS courses. Created Google's TPU (Tensor Processing Unit) as a 20% project. Joined Google X's Rapid Eval Team to incubate new Alphabet bets. Recruited 8 of the 10 original TPU engineers to join Groq.,American. Reportedly did not finish high school via traditional path (described in some sources as a 'high school dropout').,
groq,Douglas Wightman,Co-Founder,Entrepreneur and former engineer at Google X. Co-founded Groq with Ross in 2016. Limited additional public information available.,American (limited public info).,
h-company,Charles Kantor,Co-founder,,,
h-company,Laurent Sifre,Co-founder,,,
h-company,Daan Wierstra,Co-founder (departed Aug 2024),,,
h-company,Karl Tuyls,Co-founder (departed Aug 2024),,,
h-company,Julien Perolat,Co-founder (departed Aug 2024),,,
hadrius,Thomas Stewart,Co-Founder,,,
hadrius,Som Mohapatra,Co-Founder,,,
hadrius,Allen Calderwood,Co-Founder,,,
happyrobot,Pablo Palafox,Co-Founder / CEO,Spanish-born founder; Y Combinator S23,,
happyrobot,Diego Palafox,Co-Founder,Spanish-born co-founder,,
harper,Dakotah Rice,CEO,Former Investment Banking (TMT) at Goldman Sachs; co-founded Poolit (scaled to $100M AUM),,
harper,Tushar Nair,CTO,Former ML/AI engineering lead at Goldman Sachs (~9 years); co-founded Poolit,,
harvey-ai,Winston Weinberg,CEO & Co-Founder,,,
harvey-ai,Gabriel Pereyra,President & Co-Founder,,,
hasura,Tanmai Gopal,Co-Founder & CEO,,India (IIT Madras alumnus),
hasura,Rajoshi Ghosh,Co-Founder & COO,,India,
hebbia,George Sivulka,Founder & CEO,,,
helsing,Torsten Reil,Co-Founder & CEO,"Former CEO of NaturalMotion (sold to Zynga for $527M in 2014). DPhil in Zoology from Oxford, focused on computational biology and AI. Led NaturalMotion's AI-driven animation and simulation technology.",German,
helsing,Niklas Koehler,Co-Founder,Former McKinsey & Company partner. Background in strategy consulting with focus on defense and technology sectors.,German,
helsing,Gundbert Scherf,Co-Founder,"Former senior official at the German Federal Ministry of Defence, where he served as a cybersecurity and defense innovation leader. Led digital and innovation policy for Germany's defense apparatus.",German,
heygen,Joshua Xu (Xu Zhengjia),CEO,,China,
heygen,Wayne Liang,Chief Innovation Officer / Co-Founder,,China,
honey-health,Matt Faustman,CEO,Ex-LinkedIn AI leader. Sold previous company to LinkedIn. Type 1 diabetic.,,
honey-health,Xiao Zhang,CTO,Ex-LinkedIn AI engineering leader.,Chinese-American,
humans-and,Andi Peng,Co-Founder,Former Anthropic researcher. Worked on reinforcement learning and post-training of Claude 3.5 through Claude 4.5.,American.,
humans-and,Georges Harik,Co-Founder,Google's seventh employee. Helped build Google's first advertising systems. Veteran Silicon Valley operator and investor.,Lebanese-American.,
humans-and,Eric Zelikman,Co-Founder,Former xAI researcher. Helped develop the Grok chatbot.,American.,
humans-and,Yuchen He,Co-Founder,Former xAI researcher. Helped develop the Grok chatbot.,Chinese-American (based on name; limited public info).,
humans-and,Noah Goodman,Co-Founder,Stanford professor of psychology and computer science. Expert in computational cognitive science and probabilistic programming.,American.,
iconic-gaming,John Lusty,Co-founder,,,
iconic-gaming,Junaid Hussain,Co-founder,,,
iconic-gaming,Andrew Bowell,CEO,Former Product Head at Unity,,
imbue,Kanjun Qiu,CEO,,,
imbue,Josh Albrecht,CTO,,,
imper-ai,Noam Awadish,CEO,Ex-Mobileye Chief of Staff to EVP. Founded during Gaza war reserve service.,Israeli,
imper-ai,Anatoly Blighovsky,CPO,Former CISO and cyber div head Unit 8200.,Israeli,
imper-ai,Rom Dudkiewicz,CTO,Unit 8200 vulnerability researcher.,Israeli,
inception-labs,Stefano Ermon,CEO,Stanford professor. Co-inventor of diffusion models. PhD Cornell.,Italian,
inception-labs,Aditya Grover,CTO,UCLA professor. Generative models researcher.,Indian-American,
inception-labs,Manu Gulati,Chief Development Officer,Apple SoC architect. Co-founded NUVIA (acq Qualcomm ~$1.5B).,Indian-American,
ineffable-intelligence,David Silver,CEO,Legendary DeepMind researcher who created AlphaGo. Professor at UCL.,,
inferact,Simon Mo,Co-founder,Core vLLM maintainer,,
inferact,Woosuk Kwon,Co-founder,Core vLLM maintainer,,
inferact,Kaichao You,Co-founder,,,
inferact,Roger Wang,Co-founder,,,
inflection-ai,Mustafa Suleyman,Co-Founder & original CEO (departed March 2024 to Microsoft),Co-founder of DeepMind; formerly VP of AI at Google,,
inflection-ai,Karén Simonyan,Co-Founder & original Chief Scientist (departed March 2024 to Microsoft),AI researcher; led development of AlphaZero at DeepMind,,
inflection-ai,Reid Hoffman,Co-Founder & investor,Co-founder of LinkedIn; General Partner at Greylock Partners,,
innovaccer,Abhinav Shashank,Co-Founder & CEO,,"Lucknow, Uttar Pradesh, India (IIT Kharagpur graduate)",
innovaccer,Kanav Hasija,Co-Founder & CTO,,India,
innovaccer,Sandeep Gupta,Co-Founder,,India,
isotopes-ai,Arun Murthy,CEO,Co-creator Apache Hadoop. Co-founder/CPO Hortonworks (IPO). CTO Scale AI.,Indian,
jetstream-security,Raj Rajamani,CEO,Ex-CrowdStrike,,
jetstream-security,Jared Phipps,COO,Ex-SentinelOne,,
julius-ai,Rahul Sonwalkar,CEO,"BS CS UT Dallas. Ex-Uber, Facebook. YC W22. Forbes 30 Under 30.",Indian-American,
jump-ai,Parker Ence,Co-Founder & CEO,,,
jump-ai,Tim Chaves,Co-Founder,,,
jump-ai,Adam Kirk,Co-Founder,,,
kalshi,Tarek Mansour,Co-Founder / CEO,Algerian-born; MIT graduate; quantitative finance background,,
kalshi,Luana Lopes Lara,Co-Founder,Brazilian-born; MIT classmate of Mansour; financial analyst background,,
kana-ai,Tom Chavez,CEO,"Serial martech founder — Rapt (acq Microsoft), Krux (acq Salesforce)",,
kana-ai,Vivek Vaidya,CTO,Co-founded Rapt and Krux,,
labelbox,Manu Sharma,CEO & Co-founder,"Aerospace engineer (Embry-Riddle, Stanford); former engineer at Planet Labs and DroneDeploy; born in Roorkee, India",,
labelbox,Brian Rieger,President & Co-founder,Former Boeing 787 aerodynamicist; Forbes 30 Under 30; built aerospace hardware for the ISS,,
labelbox,Dan Rasmuson,Co-founder,Software developer; early work in medical diagnostic imaging tools,,
lambda,Stephen Balaban,CEO,,,
lambda,Michael Balaban,CTO,,,
lepton-ai,Yangqing Jia (Jia Yangqing),Co-Founder & CEO,,"Mainland Chinese (Tsinghua University undergrad, UC Berkeley PhD)",
lepton-ai,Bai Junjie,Co-Founder,,Mainland Chinese,
leta-logistics,Nick Joshi,CEO,,,
leta-logistics,Kip Maritim,CTO,,,
leta-logistics,Anthony Ketter,COO,,,
lila-sciences,Geoffrey von Maltzahn,CEO,GP at Flagship Pioneering. Co-founded 10 companies with $10B combined market cap.,,
lila-sciences,Noubar Afeyan,Chairman,Founder/CEO Flagship Pioneering. Co-founded Moderna.,Armenian-Lebanese-American,
lmarena,Anastasios N. Angelopoulos,CEO,PhD EECS UC Berkeley,,
lmarena,Wei-Lin Chiang,CTO,PhD EECS UC Berkeley,,
lmarena,Ion Stoica,Co-founder/Advisor,"Berkeley professor, co-founded Databricks and Anyscale",,
lovable,Anton Osika,Co-Founder & CEO,,,
lovable,Fabian Hedin,Co-Founder & CTO,,,
lumai,Tim Weil,CEO,Oxford spinout co-founder.,,
lumai,Xianxin Guo,Head of Research,Oxford optical computing researcher.,Chinese,
lumia-security,Omri Iluz,CEO,Founded PerimeterX (acq 2022). 25 years cybersecurity.,Israeli,
lumia-security,Bobi Gilburd,CTO,Former Colonel IDF Unit 8200. CISO Israeli Intelligence.,Israeli,
luminance,Adam Guthrie,Founder / Chief Technical Architect,Cambridge-based AI researcher,,
luminance,Dr. Graham Sills,Founder / Director of AI,Cambridge-based AI researcher,,
luminance,Dr. Mike Lynch (deceased),Original seed investor and early backer,Founder of Autonomy (acquired by HP for $11B); died in yacht accident in August 2024,,
magic,Eric Steinberger,Co-founder & CEO,"Born in Vienna, Austria. Obsessed with AI from age 14. Studied Computer Science at University of Cambridge (2018-2020). Researcher in Deep Reinforcement Learning at Facebook AI Research (FAIR) from 2019-2022, where he collaborated with Noam Brown on poker AI (PokerRL). Founded ClimateScience, a climate education nonprofit. Left Cambridge and FAIR in 2022 to start Magic.",,
magic,Sebastian De Ro,Co-founder & CTO,"Holds a Master's degree in Computer Science. Previously at Google Research, specializing in large-scale machine learning systems. Co-founded two AI startups in Europe focused on NLP. Expertise in neural architecture design, distributed systems, and AI safety.",,
maieutic-semi,Gireesh Rajendran,CEO,,,
maieutic-semi,Ashish Lachhwani,Co-founder,,,
maieutic-semi,Rakesh Kumar,Co-founder,,,
majestic-labs,Ofer Shacham,CEO,Sold Chip Genesis to Google. Head of Silicon at Google GChips. VP/Head of FAST at Meta Reality Labs. 120+ patents.,Israeli,
majestic-labs,Sha Rabii,President,"Led Google silicon team, then Meta FAST.",,
majestic-labs,Masumi Reynders,COO,"Ex-Google, Meta FAST teams.",,
mal-bank,Abdallah Abu-Sheikh,CEO,Serial fintech entrepreneur,,
manas-ai,Siddhartha Mukherjee,CEO,Pulitzer Prize oncologist. Columbia professor. Author Emperor of All Maladies.,Indian-American (Bengali),
manas-ai,Reid Hoffman,Co-founder,Co-founder of LinkedIn. Partner Greylock.,American,
manus-ai,Xiao Hong (萧弘),Co-founder & CEO,"['Details not widely reported; first startup launched in 2016, one year after graduation']",,
manus-ai,"Ji Yichao (季逸超), known as ""Peak""",Co-founder & Chief Scientist,['Beijing Information Science and Technology University (dropped out)'],,
manus-ai,Zhang Tao (张涛),Co-founder & CPO (Product),['Chongqing University of Posts and Telecommunications'],,
mate-security,Asaf Wiener,CEO,Former product leader at Wiz and Microsoft. First Wiz alumnus to found startup.,Israeli,
mercor,Brendan Foody,CEO,"Georgetown University (dropped out, sophomore year)",,
mercor,Adarsh Hiremath,CTO,"Harvard University (dropped out, sophomore year)",,
mercor,Surya Midha,Board Chairman (formerly COO),"Georgetown University (dropped out, sophomore year)",,
merge-labs,Sam Altman,Co-founder,CEO of OpenAI,,
merge-labs,Alex Blania,Co-founder,Tools for Humanity,,
merge-labs,Mikhail Shapiro,Co-founder,Caltech researcher,,
mind-robotics,RJ Scaringe,Founder & Chairman (also CEO of Rivian),"Founded Rivian in 2009. PhD in Engineering from MIT Sloan Automotive Lab. Built Rivian into a publicly traded EV company (IPO 2021, one of the largest in US history). Deep experience in vertically integrated hardware manufacturing, supply chains, and factory operations. Serves as chairman of Mind Robotics while remaining CEO of Rivian.",American,
mindoo,Gauthier Willemse,CEO,"MD from KU Leuven, surgeon, MPH Harvard",,
mindoo,Bart Lens,CTO,"Ex-senior engineer at DataCamp, founding engineer at Conveo",,
minimax,Yan Junjie (闫俊杰),CEO & Chairman,Former VP & Deputy Head of Research at SenseTime; PhD from Chinese Academy of Sciences; postdoc at Tsinghua University,,
minimax,Zhou Yucong,"Executive Director, Visual Model Research & Engineering Lead","Former SenseTime (2018-2019); former Huawei (2019-2022), focused on algorithms",,
minimax,Yang Bin,Co-founder (listed as former co-founder in some sources),Veteran of China's AI scene,,
minimax,Yun Yeyi,COO,Former SenseTime employee,,
mistral-ai,Arthur Mensch,CEO,"['Ecole Polytechnique (2011)', 'Telecom Paris', 'MSc Mathematics, Vision, Learning - Universite Paris-Saclay', 'PhD Machine Learning - Universite Paris-Saclay']",,
mistral-ai,Guillaume Lample,Chief Scientist,"['Ecole Polytechnique', 'Carnegie Mellon University']",,
mistral-ai,Timothee Lacroix,CTO,['Ecole Normale Superieure'],,
modal,Erik Bernhardsson,CEO,"Ex-Spotify (~employee #30), built music recommendations (Discover Weekly, Related Artists, Radio); created open-source tools Luigi and Annoy; M.Sc. Physics, KTH Stockholm; ran tech team at Better.com (1 to ~300 engineers)",,
modal,Akshat Bubna,CTO,Early employee at Scale AI; MIT B.S. Math & CS (2014-2017); IOI Gold Medalist 2014 (first Indian student to achieve this); competitive crossword solver,,
modelbest,Li Dahai (李大海),Co-founder & CEO,['Tsinghua University (affiliated)'],,
modelbest,Liu Zhiyuan (刘知远),Co-founder & Chief Scientist,"['Tsinghua University, tenured Associate Professor, Department of Computer Science']",,
monarch-tractor,Praveen Penmetsa,Co-founder & CEO,"Autonomy and mobility engineer. Has led Monarch from founding through to commercial production and global deployment of autonomous electric tractors.
",,
monarch-tractor,Mark Schwager,Co-founder & President,"Former Tesla Gigafactory chief. Brings manufacturing scale-up expertise from Tesla's battery and vehicle production operations.
",,
monarch-tractor,Zachary Omohundro,Co-founder & CTO,"Robotics PhD from Carnegie Mellon University. Leads Monarch's autonomous driving and AI technology development.
",,
monarch-tractor,Carlo Mondavi,Co-founder & Chief Farming Officer,"Member of the Napa Valley Mondavi winery family. Sustainability- focused vintner who provides real-world agricultural expertise and was an early testing partner for autonomous tractors in vineyards.
",,
monte-carlo-data,Barr Moses,Co-Founder & CEO,Stanford University (MBA); Israeli Defense Forces intelligence unit,Israeli,First Round Capital (mentor); Gainsight (VP of Customer Operations)
monte-carlo-data,Lior Gavish,Co-Founder & CTO,Technion (inferred from Israeli tech ecosystem),Israeli,Yahoo (Engineering)
monte-carlo-data,Itay Bleier,Co-Founder,,Israeli,
monte-carlo-data,Jordan Van Horn,Co-Founder,,,
nace-ai,Dos Baha,CEO,,,
nace-ai,Zhanibek Datbayev,CTO,"Ex-Google, Meta, U of Toronto",,
nebius,Arkady Volozh,"CEO & Co-Founder, originally of Yandex",,,
netradyne,Avneesh Agrawal,Co-Founder & CEO,,"India (Stanford University; former President, Qualcomm India & South Asia)",
netradyne,David Julian,Co-Founder & CTO,,United States (former Qualcomm engineer),
neura-robotics,David Reger,Co-founder & CEO,"German entrepreneur and robotics engineer. Previously founded other technology ventures. Leads NEURA's vision for cognitive robots that can perceive, learn, and interact naturally with humans.
",,
neura-robotics,Mavarick H,Co-founder,,,
neura-robotics,Sugeeth Gopinathan,Co-founder,,,
neura-robotics,Milad Malekzadeh,Co-founder,,,
nevis,Mark Swan,Co-Founder & CEO,,,
nevis,Philipp Burda,Co-Founder & CPO,,,
nevis,Ivan Chalov,Co-Founder & COO,,,
nexthop-ai,Anshul Sadana,CEO & Founder,,,
norm-ai,John Nay,CEO & Founder,,,
nous-research,Jeffrey Quesnelle,CEO & Co-Founder,"['BS Computer Science, Oakland University', 'MS Computer Science, University of Michigan']",,
nous-research,Karan Malhotra,Head of Behavior & Co-Founder,"['BA Philosophy and Religion, Emory University']",,
nous-research,Teknium,Head of Post-Training & Co-Founder,['Not publicly disclosed'],,
nous-research,Shivani Mitra,Co-Founder,['Not publicly disclosed'],,
nscale,Josh Payne,CEO & Founder,,,
numeric,Parker Gilbert,Co-Founder & CEO,,,
numeric,Andrew Bihl,Co-Founder & CTO,,,
numeric,Anthony Alvernaz,Co-Founder & CPO,,,
nuro,Jiajun Zhu (JZ),Co-Founder & Co-CEO,"['BS Computer Science, Fudan University (Shanghai, China)', 'MS Computer Science, University of Virginia']",China,
nuro,Dave Ferguson,Co-Founder & Co-CEO,"['BS Computer Science & Mathematics, University of Otago (New Zealand)', 'MS & PhD Robotics, Carnegie Mellon University']",New Zealand,
obot-ai,Sheng Liang,CEO,"PhD Yale. Ex-Sun Microsystems Java VM. Co-founded Cloud.com (acq Citrix), Rancher Labs (acq SUSE $800M).",Chinese-American,
observe-ai,Swapnil Jain,Co-Founder & CEO,,"Vidisha, Madhya Pradesh, India",
observe-ai,Jithendra Vepa,Co-Founder & CTO / Chief Scientist,,"India (Andhra Pradesh region, based on Andhra University education)",
observe-ai,Akash Singh,"Co-Founder, Head of Engineering",,India,
observe-ai,Sharath Keshava Narayana,Co-Founder & CRO,,India,
onfire-ai,Tal Peretz,CEO,Unit 8200 alumnus.,Israeli,
openai,Sam Altman,CEO (since 2019; co-chair 2015-2019),Dropped out of Stanford. Co-founded Loopt (acquired for $43.4M). President of Y Combinator 2014-2019.,"Jewish American (born Chicago, raised St. Louis, MO)",
openai,Greg Brockman,President (formerly CTO),"Dropped out of MIT. Joined Stripe as its 3rd hire, became CTO. Helped scale Stripe globally.","American (born Thompson, North Dakota)",
openai,Ilya Sutskever,Co-founder & former Chief Scientist (departed mid-2024),"Born in Russia, grew up in Israel, moved to Canada at 16. PhD under Geoffrey Hinton at U of Toronto. Co-authored the AlexNet paper. Led research at Google Brain before OpenAI.",Russian-born Israeli-Canadian (Jewish),
openai,Elon Musk,"Co-chair (2015-2018, departed)",CEO of Tesla and SpaceX. Contributed ~$38M in early funding. Left board in 2018 citing conflict of interest with Tesla's AI work. Later sued OpenAI over mission drift; launched rival xAI.,South African-American,
openai,Wojciech Zaremba,Co-founder,PhD from NYU under Yann LeCun. Researcher at Google Brain and Facebook AI Research.,Polish,
openai,John Schulman,"Co-founder (departed 2024, joined Anthropic)",PhD from UC Berkeley. Key contributor to reinforcement learning and RLHF methods. Left for Anthropic in Aug 2024.,American,
openai,Andrej Karpathy,Co-founder (departed 2024),"PhD from Stanford under Fei-Fei Li. Led Tesla Autopilot vision team. Returned to OpenAI briefly, then departed to pursue AI education.",Slovak-Canadian,
openai,Others,Co-founders,"Trevor Blackwell (roboticist, YC partner), Vicki Cheung (engineer), Durk Kingma (researcher, invented Adam optimizer & VAE work), Pamela Vagata (engineer, ex-Stripe)",Various,
openevidence,Daniel Nadler,CEO / Founder,Serial entrepreneur; previously founded Kensho (acquired by S&P Global for $550M),,
oxa,Paul Newman,Co-Founder & CTO,Professor of Information Engineering at Oxford University. Leading robotics and autonomous systems researcher. Decades of research in mobile robotics and self-driving technology.,British.,
oxa,Ingmar Posner,Co-Founder & Chief Scientific Officer,Associate Professor at Oxford University. Researcher in machine learning applied to robotics and autonomous systems.,British (of German origin based on name).,
oxmiq-labs,Raja Koduri,Founder,"Renowned GPU architect, formerly Apple, AMD, Intel",,
paid-ai,Manny Medina,CEO,HBS. Founded Outreach (grew to $250M ARR). Ex-Microsoft.,Ecuadorian-American,
paid-ai,Arnon Shimoni,Co-founder,Early employee at Pleo.,Israeli,
parallel-web,Parag Agrawal,CEO,Former Twitter/X CEO and CTO,,
patronus-ai,Anand Kannappan,Co-Founder & CEO,"Former Head of Engineering & ML at Vertis; ML explainability lead at Meta Reality Labs; Data Scientist at Facebook; Co-Founder of Kyber Technologies; BS in Economics, Computer Science & Statistics from University of Chicago",,
patronus-ai,Rebecca Qian,Co-Founder & CTO,"Former Facebook AI researcher; trained FairBERTa (fairness-focused LLM); built semantic parsing for robotic assistants at Meta; created Continuous Contrast Set Mining (adopted across Facebook infra, presented at ICSE); University of Chicago CS graduate",,
perfect-ai,Eylon Etshtein,CEO,"Founded AnyVision (raised $350M, rebranded Oosto). Technion. Israeli military.",Israeli,
periodic-labs,Liam Fedus,CEO,"Former VP Research at OpenAI, co-creator of ChatGPT",,
periodic-labs,Ekin Dogus Cubuk,Co-founder,"Former Google Brain/DeepMind, creator of GNoME",,
physical-intelligence,Karol Hausman,Co-Founder & CEO,Staff Research Scientist at Google DeepMind. Adjunct Professor at Stanford University where he co-taught CS 224R (Deep Reinforcement Learning). PhD from University of Southern California. Research focus on robot learning and reinforcement learning.,Polish (uncertain -- inferred from name),
physical-intelligence,Lachy Groom,Co-Founder,"Joined Stripe as ~30th employee. Led Stripe Issuing and guided core payments product, global expansion, and enterprise partnerships. After Stripe, spent ~5 years as a prolific angel investor (early bets on Figma, Notion, Ramp, Lattice). Brings commercial/product intuition to the team.",Australian,
physical-intelligence,Sergey Levine,Co-Founder,Professor at UC Berkeley. One of the most cited researchers in robotics and reinforcement learning. Previously at Google Brain/DeepMind. PhD advisor to Chelsea Finn. Pioneered key methods in offline RL and robot learning from demonstration.,Russian-American (uncertain),
physical-intelligence,Chelsea Finn,Co-Founder,Assistant Professor of Computer Science and Electrical Engineering at Stanford University. PhD from UC Berkeley under Pieter Abbeel and Sergey Levine (2018). Known for meta-learning (MAML algorithm). Runs the IRIS lab at Stanford. Previously at Google.,American,
physical-intelligence,Brian Ichter,Co-Founder,Former Research Scientist at Google DeepMind and Google Brain. PhD in Aeronautics and Astronautics from Stanford University. Research focus on enabling mobile robotic systems for complex tasks.,American (uncertain),
physical-intelligence,Adnan Esmail,Co-Founder,"Former SVP of Engineering at Anduril Industries. Previously worked on hardware technologies at Tesla. Studied Mechanical Engineering, Physics, Electrical Engineering, and Computer Science at MIT.",Uncertain,
physical-intelligence,Quan Vuong,Co-Founder,Deep experience in reinforcement learning and robotics engineering. Previously at Google DeepMind.,Vietnamese (inferred from name -- uncertain),
pika,Demi Guo (Guo Wenjing / 郭文景),Co-founder & CEO,"['Harvard University, BA Mathematics & MS Computer Science', 'Stanford University, PhD (Computer Science) — dropped out April 2023']",,
pika,Chenlin Meng (孟辰琳),Co-founder & CTO,"['Stanford University, BA Mathematics (undergraduate)', 'Stanford University, PhD Computer Science — dropped out April 2023']",,
pinecone,Edo Liberty,"Founder, Chief Scientist (formerly CEO)","B.Sc. in Physics and Computer Science from Tel Aviv University. Ph.D. in Computer Science from Yale University. Director of Research at AWS and Head of Amazon AI Labs (built parts of SageMaker, Kinesis, QuickSight, Rekognition, Personalize, Forecast, and other services). Before AWS, Senior Research Director at Yahoo and Head of Yahoo's Research Lab in New York. Deep expertise in large-scale vector search, streaming algorithms, and machine learning infrastructure.",Israeli. Educated at Tel Aviv University before moving to the US for his PhD at Yale. Founded Pinecone after seeing that no packaged vector search solution existed for teams without Amazon/Yahoo-scale engineering resources.,
poolside,Jason Warner,CEO,Former CTO of GitHub (incubated Copilot); previously VP Engineering at Heroku; ex-Canonical; Managing Director at Redpoint Ventures (2021-2023),,
poolside,Eiso Kant,CTO,Founded source{d} (first AI-on-code company); co-founded Athenian (engineering analytics); serial developer-tools entrepreneur,,
predibase,Devvret Rishi,Co-Founder & CEO,,Indian-American (Harvard CS; former Google PM for Vertex AI and Kaggle),
predibase,Piero Molino,Co-Founder & Chief Science Officer,,Italy (creator of Ludwig; former Uber AI Labs),
predibase,Travis Addair,Co-Founder & CTO,,United States (former Uber ML Platform lead),
rebellion-defense,Chris Lynch,,,,
rebellion-defense,Nicole Camarillo,,,,
rebellion-defense,Oliver Lewis,,,,
rebellion-defense,Chase Kimball,,,,
reflection-ai,Misha Laskin,CEO,,,
reflection-ai,Ioannis Antonoglou,Co-founder,,,
reka-ai,Dani Yogatama,CEO & Co-Founder,"PhD in Computer Science from Carnegie Mellon University. Monbukagakusho fellow at the University of Tokyo (2008-2010). Previously a research scientist at DeepMind in London for several years, where he worked on projects including AlphaCode and Bard.","Indonesian. Grew up in Indonesia, attended Institut Teknologi Bandung before moving to Japan and then the US for graduate studies.",
reka-ai,Yi Tay,Co-Founder & former Chief Scientist (departed Nov 2024),"NTU Singapore alumnus. Senior research scientist at Google Brain. Co-led PaLM-2 (the model behind Bard/Gemini). Invented UL2 (universal pretraining) and Differentiable Search Indexes. His work was integrated into Google Assistant, YouTube, and Search. At Reka, led the effort to build a GPT-4-class multimodal model from scratch in under a year with ~20 engineers.",Singaporean. Lives in Singapore with his family.,
reka-ai,Cyprien de Masson d'Autume,Co-Founder & CTO,Previously a researcher at DeepMind. Technical lead of the company's model development.,French (based on name; limited public biographical detail).,
reka-ai,Mikel Artetxe,Co-Founder,Previously a Research Scientist at Meta FAIR (Facebook AI Research). Attended the University of the Basque Country (Universidad del Pais Vasco).,Basque/Spanish.,
reka-ai,Qi Liu,Co-Founder,Previously at DeepMind. Limited public biographical detail available.,Uncertain; name suggests Chinese origin but not confirmed publicly.,
replicate,Ben Firshman,Co-founder & CEO,Creator of Docker Compose; former Director of Product Management at Docker; 4x founder,,
replicate,Andreas Jansson,Co-founder & CTO,Former Staff ML Engineer at Spotify (2014-2019); PhD in ML for music,,
replit,Amjad Masad,CEO & Co-Founder,,,
replit,Faris Masad,Co-Founder,,,
replit,Haya Odeh,Co-Founder (Design),,,
resolve-ai,Spiros Xanthos,Co-founder,"Ex-SVP/GM Observability at Splunk, co-founded Omnition (acq Splunk)",,
ricursive-intelligence,Anna Goldie,CEO,MIT BS CS + MEng. Stanford NLP PhD. Co-led Google AlphaChip (Nature). Early Anthropic employee.,American,
ricursive-intelligence,Azalia Mirhoseini,CTO,PhD Rice. Stanford professor. Co-led AlphaChip. Co-authored foundational MoE paper powering GPT-4/Gemini.,Iranian-American,
robust-intelligence,Yaron Singer,CEO & Co-Founder,"Tenured Professor of Computer Science & Applied Mathematics at Harvard (Gordon McKay Professor). Israeli-born. PhD from UC Berkeley. Previously researcher at Google AI and consulting researcher at Microsoft. Now VP of AI & Engineering at Cisco Security / Foundation AI.
",,
robust-intelligence,Kojin Oshiba,Co-Founder,"BA in Computer Science & Statistics from Harvard. Grew up in Japan. Previously ML engineer at QuantCo; co-founded its Japan branch. Published at ICML and NeurIPS. Forbes 30 Under 30 in Enterprise Technology (2024). Now leads AI organization at Cisco post-acquisition.
",,
safe-superintelligence,Ilya Sutskever,CEO,Former OpenAI co-founder and chief scientist,,
safe-superintelligence,Daniel Gross,Co-founder,Former head of Apple AI,,
safe-superintelligence,Daniel Levy,Co-founder,AI researcher,,
sakana-ai,David Ha,CEO,PhD Computer Science (UBC); former Research Scientist at Google Brain (Japan); former Head of Research at Stability AI (2022-2023); earlier career in finance as Co-Head of Fixed Income Trading at Goldman Sachs Japan,,
sakana-ai,Llion Jones,CTO,"MSc Advanced Computer Science, University of Birmingham; co-author of 'Attention Is All You Need' (2017), the foundational Transformer paper; ~12 years at Google before departing to co-found Sakana AI",,
sakana-ai,Ren Ito,COO,"Former Japanese diplomat (15 years); speechwriter for PM Shinzo Abe; Japan representative at World Bank board; early employee at Mercari (Japan's first unicorn), CEO of Mercari Europe through $3.7B IPO",,
samaya-ai,Maithra Raghu,CEO,Ex-Google Brain. PhD CS Cornell. Medical AI research.,Indian-American,
samaya-ai,Fabio Petroni,CTO,Ex-Meta AI (FAIR). Knowledge-intensive NLP.,Italian,
sanctuary-ai,Geordie Rose,Co-Founder & former CEO (departed Nov 2024),PhD Theoretical Physics (UBC); founded D-Wave Systems (world's first quantum computing company); CEO of Kindred Systems (first RL-based production robotics company),,
sanctuary-ai,Suzanne Gildert,Co-Founder & former CTO (departed Apr 2024),Pioneered Sanctuary's AI-robotics approach; left to pursue stealth AI project,,
sanctuary-ai,Ajay Agrawal,Co-Founder,Professor at University of Toronto Rotman School of Management; AI economics researcher,,
sanctuary-ai,Olivia Norton,Co-Founder & CPTO,Chief Product & Technology Officer,,
saronic-technologies,Dino Mavrookas,Co-Founder & CEO,"Serial entrepreneur in defense and maritime technology. Previously founded and led several technology ventures. Leads Saronic's strategy, product, and government relations.",American,
saronic-technologies,Vibhav Altekar,Co-Founder,Technical co-founder with expertise in autonomous systems and robotics. Background in engineering autonomous platforms.,Indian American,
saronic-technologies,Doug Lambert,Co-Founder,Co-founder with background in defense technology and autonomous systems development.,American,
saronic-technologies,Robert Lehman,Co-Founder,Co-founder contributing to Saronic's autonomous vessel technology and maritime systems.,American,
scale-ai,Alexandr Wang,Co-founder & former CEO (departed June 2025 to Meta),"Born 1997 in Los Alamos, NM to Chinese immigrant parents who were physicists at Los Alamos National Laboratory. Math and coding prodigy. Attended MIT briefly, worked at Quora and Hudson River Trading. Dropped out of MIT at 19 to co-found Scale AI. Became world's youngest self-made billionaire in 2022 at age 25. Now serves as Chief AI Officer at Meta, leading Meta Superintelligence Labs.
",Chinese-American,
scale-ai,Lucy Guo,Co-founder (departed 2018),"Studied CS and human-computer interaction at Carnegie Mellon. Thiel Fellow (2014). Worked at Facebook, Quora, and Snapchat. Left Scale AI in 2018 over strategic disagreements, retaining ~5% stake. Founded Backend Capital (VC) and Passes (creator platform). Became a billionaire on paper after Meta's 2025 investment.
",Chinese-American,
shield-ai,Brandon Tseng,Co-Founder & President,Former U.S. Navy SEAL Officer. Two combat tours in Afghanistan plus deployments in Asia-Pacific. Graduated from the U.S. Naval Academy; MBA from Harvard Business School. Named to TIME100 AI list (2025). His frontline military experience shaped the company's mission: building AI that protects warfighters.,Asian American (Taiwanese descent),
shield-ai,Ryan Tseng,Co-Founder & President (formerly CEO until May 2025),"Serial entrepreneur and engineer. BSEE in Electrical Engineering from University of Florida. MBA from MIT Sloan. Previously founded WiPower Inc. (wireless charging company acquired by Qualcomm in 2010), then served as Technical Lead for Wireless Power at Qualcomm. Led Shield AI as CEO for its first decade before transitioning to President in 2025.",Asian American (Taiwanese descent),
shield-ai,Andrew Reiter,Co-Founder & CTO,"Computer vision and robotics engineer. Previously worked on computer vision applications at Draper Laboratory (formerly MIT's Instrumentation Lab), a nonprofit advanced engineering R&D organization. Technical architect of Hivemind.",American,
sierra-ai,Bret Taylor,Co-Founder & CEO,"Co-created Google Maps at Google (2003-2007). Founded FriendFeed (acquired by Facebook 2009). CTO of Facebook (created the Like button). Founded Quip (acquired by Salesforce for ~$750M). Co-CEO of Salesforce (2021-2023). Chairman of the Board of OpenAI.
",,
sierra-ai,Clay Bavor,Co-Founder & President,"18 years at Google. Led Gmail and Google Drive product/design teams. Led Google Workspace. Started and led Google AR/VR, Project Starline, and Google Lens. Most recently led Google Labs.
",,
sigma-computing,Jason Frantz,Co-Founder,Stanford University (CS),,"Google, Bing (Microsoft)"
sigma-computing,Rob Woollen,Co-Founder & CTO,,,Salesforce (Senior VP of Engineering)
simile,Joon Sung Park,Co-Founder & CEO,"PhD candidate in Computer Science at Stanford (HCI and NLP groups), advised by Michael Bernstein and Percy Liang. MS from UIUC (under Karrie Karahalios). BA in CS from Swarthmore College. Lead author of the 'Generative Agents' (Smallville) paper. Microsoft Research PhD Fellow (2022), Stanford School of Engineering Fellow (2021), Siebel Scholar (2019). Also an oil painter.",Korean-American (inferred from name; limited public detail).,
simile,Michael Bernstein,Co-Founder & CPO (Chief Product Officer),Associate Professor of Computer Science at Stanford. Co-author on the ImageNet project. Co-advised Joon Sung Park's PhD. Deep expertise in human-computer interaction and crowdsourcing.,American (limited public info on ethnic background).,
simile,Percy Liang,Co-Founder & Chief Scientist,Professor of Computer Science at Stanford. Director of the Center for Research on Foundation Models (CRFM). Credited with coining the term 'foundation model.' Co-founded Together.ai. Extensive research in NLP and ML benchmarking (HELM).,Chinese-American (inferred; limited public detail).,
simile,Elaina 'Lainie' Yallen,Co-Founder & CCO (Chief Creative Officer),"Stanford-affiliated. Exact prior career details not publicly documented as of this writing. Index Ventures partner Shardul Shah compared the full founding team to early-stage Wiz in terms of enterprise market pull, suggesting she brings significant go-to-market or business credentials.",American (limited public info).,
simular,Ang Li,CEO,,,
simular,Jiachen Yang,Co-founder,,,
skild-ai,Deepak Pathak,Co-Founder & CEO,"Assistant Professor at the Robotics Institute, Carnegie Mellon University. PhD in AI from UC Berkeley (2014-2019). B.Tech in Computer Science from IIT Kanpur (Gold Medalist). Pioneered 'curiosity-driven' learning in robotics -- a foundational idea in self-supervised robot exploration. Over 4,000 citations by mid-2024. Co-founded VisageMap Inc. (facial recognition), which was acquired by FaceFirst.",Indian,
skild-ai,Abhinav Gupta,Co-Founder & President,"Tenured Professor at the Robotics Institute, Carnegie Mellon University. Founding member and research leader at FAIR (Facebook AI Research) Pittsburgh lab (2018-2022), where he focused on robotics and lifelong learning systems. Research spans large-scale visual and robot learning, self-supervised learning, and scene understanding. Over 88,000 Google Scholar citations. Joined CMU Robotics Institute as a postdoc in 2009, became faculty in 2011.",Indian,
skydio,Adam Bry,Co-Founder & CEO,MS in Aeronautics and Astronautics from MIT. Led award-winning autonomous flight research at MIT. Pioneered software enabling drones to fly themselves. Previously worked on autonomous systems research that won multiple DARPA challenges.,American,
skydio,Abraham Bachrach,Co-Founder,PhD from MIT in autonomous navigation and SLAM (simultaneous localization and mapping). Core researcher in MIT's autonomous flight program. Expert in computer vision and robot perception.,American,
skydio,Matt Donahoe,Co-Founder,MS from MIT. Co-developed autonomous drone systems at MIT alongside Bry and Bachrach. Background in software engineering and computer vision.,American,
sola-security,Guy Flechter,CEO,Founded Cider Security (acq Palo Alto Networks). 20+ years cybersecurity.,Israeli,
sola-security,Ron Peled,Co-founder,Former Global CISO LivePerson.,Israeli,
solda-ai,Sergey Shalaev,CEO,"12+ yrs AI/ML, recommendation systems, ad tech",,
sphere,Nicholas Rudder,Co-Founder & CEO,,,
sphere,Adrian Sarstedt,Co-Founder,,,
ssi,Ilya Sutskever,Co-founder; CEO (since July 2025),,,
ssi,Daniel Gross,Co-founder; former CEO (departed July 2025),,,
ssi,Daniel Levy,Co-founder; President,,,
stability-ai,Emad Mostaque,resigned March 2024,,,
stability-ai,Cyrus Hodes,,,,
straiker,Ankur Shah,CEO,Former SVP/GM Prisma Cloud at Palo Alto Networks. Grew cloud security 50x revenue.,Indian-American,
straiker,Sreenath Kurupati,CTO,Ex-VP AI at Akamai. CEO Cyberfend (acq Akamai). 15+ years Intel.,Indian-American,
sunday-robotics,Tony Zhao,Co-founder & CEO,"Stanford CS PhD candidate (advisor: Chelsea Finn); BS in EECS from UC Berkeley (2021, worked with Sergey Levine and Dan Klein); Stanford Robotics Fellow 2022-23; creator of ALOHA and ACT (Action Chunking with Transformers)",,
sunday-robotics,Cheng Chi,Co-founder & CTO,"Columbia University PhD student (advisor: Shuran Song, later moved to Stanford); creator of Diffusion Policy and UMI (Universal Manipulation Interface); RSS 2024 Best Systems Paper Finalist for UMI",,
sunrise-ai,Xu Bing (徐冰),Chairman,['Details not widely reported'],,
sunrise-ai,Wang Zhan (王湛),Co-CEO,['Details not widely reported'],,
sunrise-ai,Wang Yong (王勇),Co-CEO,['Details not widely reported'],,
sunrise-robotics,Tomaz Stolfa,CEO,"Previously co-founded vox.io, Layer",,
sunrise-robotics,Marko Thaler,CTO,"Founded Airnamics, AI for drones",,
synthesia,Victor Riparbelli,CEO & Co-Founder,"Computer science & business informatics (Copenhagen, Stanford). Danish. Previously co-founded Coincall; product marketing at Founders.",,
synthesia,Steffen Tjerrild,COO & Co-Founder,"MSc Applied Economics & Finance, Copenhagen Business School. Danish. Previously worked in private equity in Africa (sand mines, chicken farms).",,
synthesia,Matthias Niessner,Co-Founder (Technical/Research),"Professor at Technical University of Munich, Visual Computing Lab. 150+ publications including 25 SIGGRAPH papers. Expert in 3D reconstruction and AI video synthesis.",,
synthesia,Lourdes Agapito,Co-Founder (Technical/Research),Professor of 3D Vision at UCL Computer Science. Leading researcher in computer vision and 3D reconstruction.,,
tala-health,Ritankar Das,CEO,"Born Kolkata India. Youngest UC Berkeley University Medalist at 18. Gates Cambridge Scholar. Founded Titan Holdings (2014), Dascena (2017).",Indian-American,
tars-ai,Chen Yilun,CEO,Former CTO/Chief Scientist Huawei autonomous driving. Ex-DJI machine vision lead.,Chinese,
tars-ai,Ding Wenchao,Chief Scientist,Huawei Genius Youth recruit.,Chinese,
tars-ai,Li Zhenyu,Chairman,Former head of Baidu Intelligent Driving Group.,Chinese,
tavus,Hassaan Raza,Co-Founder & CEO,,,
tavus,Quinn Favret,Co-Founder & COO,,,
taxo,Dr. Ahmed Kerwan,CEO,Harvard (affiliated); medical background,,
tennr,Tyler Hoffman,CEO / Co-Founder,,,
tennr,Diego Espinosa,Co-Founder,,,
tenzai,Pavel Gurvich,CEO,Co-founded Guardicore (acq Akamai $600M).,Israeli,
tenzai,Ariel Zeitlin,CTO,Co-founded Guardicore.,Israeli,
tenzai,Aner Mazur,CPO,Founding CPO at Snyk.,Israeli,
thinking-machines-lab,Mira Murati,CEO,,,
thinking-machines-lab,John Schulman,Co-founder,,,
thinking-machines-lab,Barrett Zoph,Co-founder,,,
thinking-machines-lab,Lilian Weng,Co-founder,,,
thinking-machines-lab,Andrew Tulloch,Co-founder,,,
thinking-machines-lab,Luke Metz,Co-founder,,,
thoughtspot,Ajeet Singh,Co-Founder & Executive Chairman,"IIT Delhi; MBA, Stanford Graduate School of Business (inferred from career trajectory)",Indian,Co-Founder and CEO of Nutanix (board member); Oracle
thoughtspot,Amit Prakash,Co-Founder & CTO,"IIT Bombay; PhD, UC Berkeley (inferred)",Indian,Google (Search Infrastructure)
tonic-ai,Ian Coe,Co-Founder & CEO,,,Palantir Technologies (early commercial division member); Tableau
tonic-ai,Karl Hanson,Co-Founder & CPO,,,Palantir Technologies
tonic-ai,Andrew Colombi,Co-Founder & CTO,,,Palantir Technologies
tonic-ai,Adam Kamor,Co-Founder & Head of Engineering,"PhD Physics, Georgia Institute of Technology",,Microsoft; Kabbage; Tableau
tractian,Igor Marinelli,CEO & Co-Founder,,,
tractian,Gabriel Lameirinhas,Co-CEO & Co-Founder,,,
tractian,Leonardo Vieira,Co-Founder,,,
tripo-ai,Simon Song,Co-founder,['Details not widely reported'],,
tripo-ai,Guoli Su,Co-founder,['Tsinghua University (affiliated with Tsinghua research team)'],,
turing,Jonathan Siddharth,CEO & Co-Founder,"['B.E. Computer Science & Engineering, SVCE, Anna University, Chennai (2005)', 'M.S. Computer Science, Stanford University (2007)']","Chennai, Tamil Nadu, India",
turing,Vijay Krishnan,CTO & Co-Founder,"['B.Tech, IIT Bombay', 'M.S. Computer Science, Stanford University']",India,
udio,David Ding,CEO & Co-Founder,Former Google DeepMind (led ~30-person research team),,
udio,Conor Durkan,Co-Founder,Former Google DeepMind researcher,,
udio,Charlie Nash,Co-Founder,Former Google DeepMind researcher,,
udio,Yaroslav Ganin,Co-Founder,Former Google DeepMind researcher,,
udio,Andrew Sanchez,Co-Founder,Uncharted Labs co-founder (exact prior role unconfirmed),,
unconventional-ai,Naveen Rao,CEO,"PhD Computational Neuroscience, Brown. Founded Nervana (sold Intel $350M), MosaicML (sold Databricks $1.3B). Former Head of AI at Databricks.",Indian-American,
uniphore,Umesh Sachdev,Co-Founder & CEO,,India (incubated company at IIT Madras),
uniphore,Ravi Saraogi,Co-Founder & President (APAC),,India,
upscale-ai,Barun Kar,CEO,Ex-VP Engineering Palo Alto Networks. Co-founded Auradine.,Indian-American,
upscale-ai,Rajiv Khemani,Executive Chairman,"CEO Auradine. Ex-Cavium (acq Marvell), co-founded Innovium.",Indian-American,
valthos,Kathleen McMahon,CEO,Former Head of Life Sciences at Palantir,,
valthos,Tess van Stekelenburg,Co-founder,"Computational neuroscience, Oxford",,
vannevar-labs,Brett Granberg,Co-Founder & CEO,Former In-Q-Tel (CIA venture arm) investment professional. McKinsey consultant. Deep expertise in intelligence community technology needs and procurement. Understands both the technology landscape and the IC's operational requirements.,American,
vannevar-labs,Danny Goodman,Co-Founder,Technical co-founder with expertise in AI/ML and data analytics platforms. Built the core technology for Vannevar's intelligence analysis platform.,American,
vannevar-labs,Nini Hamrick,Co-Founder,Co-founder with background in defense technology and intelligence community operations.,American,
vast-data,Renen Hallak,CEO,,,
vast-data,Shachar Fienblit,Chief R&D Officer,,,
vast-data,Jeff Denworth,"Co-founder, VP Products",,,
vast-data,Alon Horev,CTO,,,
vectara,Dr. Amr Awadallah,Co-Founder & CEO,B.Sc. and M.Sc. in Electrical/Computer Engineering from Cairo University. Ph.D. in Electrical Engineering from Stanford University (1995-2007). Co-founded Cloudera in 2008 and served as Global CTO for 11 years through its 2017 NYSE IPO and 2021 acquisition for $5.3B. VP of Developer Relations at Google Cloud (2019-2022). Earlier: VP of Product Intelligence Engineering at Yahoo (2000-2008) after Yahoo acquired his first startup Aptivia (a product search engine). Also held roles at Nortel.,"Egyptian-American. Born and educated in Cairo, Egypt before moving to the US for his Stanford PhD. Holds Egyptian, American, and Saudi Arabian citizenship. One of 10 scientists/technologists granted honorary Saudi citizenship in 2021.",
vectara,Amin Ahmad,Co-Founder & CTO,"Drives the technical architecture and product vision of Vectara's neural search platform. Oversees core model R&D, scaling enterprise infrastructure, and architected the GenAI services and integration frameworks central to Vectara's offering.",Exact background uncertain; previous employers not confirmed in public sources.,
vectara,Dr. Tallat Shafaat,Co-Founder & Chief Architect,Led the engineering behind the Boomerang Retrieval Model and the open-source HHEM (Hughes Hallucination Evaluation Model) for hallucination detection. Significant tenure at Google focused on search infrastructure and knowledge graphs. Research experience at the Swedish Institute of Computer Science (SICS).,Exact national origin uncertain; career history suggests time in Sweden and at Google.,
verge-genomics,Alice Zhang,Co-Founder & CEO,,Chinese-American (parents are immigrants from mainland China),
vinci-semi,Hardik Kabaria,CEO,"PhD computational geometry, Stanford",,
vinci-semi,Sarah Osentoski,Co-founder,Pioneer in large-scale ML and autonomous systems,,
vultr,David Aninowsky,Founder,,,
waymo,Sebastian Thrun,Original project lead (Google Self-Driving Car Project),Stanford professor; founded Google X; now at Cresta AI,,
waymo,Chris Urmson,Early CTO (departed 2016),Carnegie Mellon; later founded Aurora Innovation,,
wayve,Alex Kendall,Co-Founder & CEO,"PhD in Deep Learning, Computer Vision & Robotics, University of Cambridge (Trinity College)",New Zealand,
wayve,Amar Shah,Co-Founder (departed 2020),"PhD in Machine Learning, University of Cambridge (supervised by Zoubin Ghahramani & Yoshua Bengio)",,"Quantitative Strategist, Goldman Sachs"
weaviate,Bob van Luijt,Co-Founder & CEO,"Born November 15, 1985 in Bergen op Zoom, Netherlands. Started his own software company at age 15. Studied jazz and electronic composition at Artez Institute of the Arts (bachelor's degree). Attended Berklee College of Music in the US on a VSBfonds scholarship and Berklee World Scholarship. Completed Harvard Business School Program of Management Excellence. Ran a strategic design and software consultancy called Kubrickology (named after Stanley Kubrick). Started the Weaviate open-source project in March 2016. Shut down Kubrickology to co-found SeMI Technologies (later renamed Weaviate). Also an angel investor.","Dutch. Born in Bergen op Zoom, Netherlands. Studied in the Netherlands and US. An unusual founder profile -- trained as a musician who self-taught programming from adolescence. His work sits at the intersection of language, music, and digital infrastructure.",
weaviate,Etienne Dilocker,Co-Founder & CTO,"Deep-tech background focused on distributed systems and cloud technology. Expertise in Golang, database development, cloud-native technology, and performance programming. Former freelance software engineer. Managing Director at Dilocker Software Engineering & Consulting GmbH. Current research interests include auto-scaling databases and new vector-index types for resource-efficient vector search at scale.","German. Based in Mannheim, Germany.",
weaviate,Micha Verhagen,Co-Founder,Limited public information available. Co-founded SeMI Technologies in 2019 alongside Van Luijt and Dilocker.,Dutch (uncertain -- based on name and Amsterdam founding).,
windsurf,Varun Mohan,Co-founder & CEO,"MIT (MEng CS, BS EECS, minor in Math); former Tech Lead Manager at Nuro (autonomous vehicles, 2018-2021)",,
windsurf,Douglas Chen,Co-founder,MIT graduate; former engineer at Meta (Oculus Quest VR tooling),,
wonderful-ai,Bar Winkler,CEO & Co-Founder,"Previously founded Approve.com, a platform for automated payment management for businesses, which was acquired by Tipalti in 2021. Serial Israeli entrepreneur.",Israeli.,
wonderful-ai,Roey Lalazar,CTO & Co-Founder,"Previously founded Kaps, an AI-based localization platform. Technical co-founder with deep AI/ML expertise.",Israeli.,
worktrace-ai,Angela Jiang,Co-Founder & CEO,,"Mainland Chinese (graduated from Wharton, University of Pennsylvania)",
worktrace-ai,Deepak Vasisht,Co-Founder,,Indian-American,
world-labs,Fei-Fei Li,CEO & Co-Founder,"Known as the 'Godmother of AI.' Created ImageNet, the large-scale visual recognition dataset that catalyzed the deep learning revolution starting with AlexNet in 2012. PhD in Electrical Engineering from Caltech (2005). BA in Physics from Princeton (1999, with High Honors). Inaugural Sequoia Professor in Computer Science at Stanford. Founding Co-Director of Stanford's Human-Centered AI Institute (HAI). Directed Stanford AI Lab (SAIL) from 2013-2018. Served briefly as VP/Chief Scientist of AI/ML at Google Cloud (2017-2018, on sabbatical from Stanford). Author of the memoir 'The Worlds I See' (2023). Remains on the Stanford faculty.","Born in Beijing, China (1976). Grew up in Chengdu, Sichuan. Father (Kuang Ying) was a secondary school teacher; mother (Li Sun) worked in a computer department at a chemical factory. Emigrated to the United States at age 16, joining her father in Parsippany, New Jersey. Arrived with her family with reportedly less than $20. Worked at her family's dry-cleaning shop and in restaurants while attending Parsippany High School. Received a full scholarship to Princeton -- a Paul & Daisy Soros Fellow (fellowship for New Americans). Naturalized U.S. citizen.",
world-labs,Justin Johnson,Co-Founder,"PhD from Stanford (2012-2018), advised by Fei-Fei Li in the Stanford Vision Lab. Assistant Professor of Computer Science at University of Michigan (2019-2024). Research Scientist at Facebook/Meta (2018-2023). Known for pioneering work on neural style transfer (the original 'artistic style transfer' papers), visual question answering, and other core computer vision advances. Taught one of the most popular deep learning courses (EECS 498/598) at Michigan.",American (limited public information on ethnic background).,
world-labs,Ben Mildenhall,Co-Founder,"Co-creator of NeRF (Neural Radiance Fields), published at ECCV 2020 (Oral, Best Paper Honorable Mention) -- one of the most cited computer vision papers of recent years, which spawned an entire subfield in 3D reconstruction and novel view synthesis. PhD from UC Berkeley (2020, advised by Ren Ng, Hertz Fellow). BS in Computer Science (Honors) and Mathematics from Stanford (2015). Research Scientist at Google Research (2021-2023) in David Salesin's group.",American (limited public information on ethnic background).,
world-labs,Christoph Lassner,Co-Founder,"Created Pulsar, an efficient sphere-based differentiable renderer that became the rendering backend for PyTorch3D and laid theoretical groundwork for Gaussian Splatting -- another transformative 3D rendering technique. Previously led research teams at Meta Reality Labs Research (working on 3D reconstruction and neural rendering) and at Epic Games. Earlier at Bodylabs, a body-scanning startup acquired by Amazon.",German (based on academic trajectory through German institutions; limited public detail).,
writer,May Habib,CEO & Co-founder,,,
writer,Waseem AlShikh,CTO & Co-founder,,,
xai,Elon Musk,Founder & CEO,"Born 1971 in Pretoria, South Africa. Moved to Canada at 17, then to the US. Co-founded Zip2, X.com (merged into PayPal), founded SpaceX (2002), co-founded Tesla (2003), co-founded OpenAI (2015, departed board 2018). Acquired Twitter/X in 2022. One of the wealthiest people in history. Co-founded xAI in 2023 to build AI that ""understands the true nature of the universe.""
","South African (Afrikaner descent, naturalized Canadian then US citizen)",
xai,Igor Babuschkin,Co-founder & Chief Engineer (departed August 2025),"Born to Russian immigrant parents in Germany. Raised and educated in Germany. Master's in Physics from Technical University of Dortmund. Joined DeepMind as Research Engineer in 2017, later worked at OpenAI. Served as xAI's chief engineer. Departed August 2025 to found Babuschkin Ventures. Purchased a GBP 60M London penthouse in early 2026.
",Russian-German,
xai,Greg Yang,Co-founder (departed January 2026),"Born in Hunan Province, China. Moved through Guangzhou, Beijing, then Houston, TX for middle/high school. BA in Mathematics from Harvard (2018), where his thesis won the Hoopes Prize and earned honorable mention for the Frank and Brennie Morgan Prize. Worked at Microsoft Research on neural network scaling theory (muP/muTransfer). Departed xAI in January 2026 citing health reasons.
",Chinese (raised partly in US),
xai,Christian Szegedy,Co-founder (departed February 2025),"Hungarian mathematician and computer scientist. Studied Mathematics and CS at Eotvos Lorand University (Budapest), Master's from University of Bonn, PhD from University of Bonn (1998-2005). Spent years at Google where he co-authored the foundational Inception neural network architecture (GoogLeNet). Left xAI in February 2025 to pursue AI for mathematics.
",Hungarian,
xai,Yuhuai (Tony) Wu,Co-founder; led reasoning team (departed February 2026),"Chinese-born AI researcher. PhD from University of Toronto. Previously at Google Brain and OpenAI. Led xAI's reasoning team and was one of the most operationally central co-founders. Departed in February 2026 after the SpaceX acquisition.
",Chinese-Canadian,
xai,Jimmy Ba,Co-founder (departed February 2026),"Canadian machine learning researcher. Undergraduate and PhD at University of Toronto (PhD 2018 under Geoffrey Hinton). Associate professor of CS at University of Toronto. Co-authored the influential Layer Normalization paper and Adam optimizer. Sloan Research Fellow. Departed xAI in February 2026 after the SpaceX acquisition.
",Chinese-Canadian,
xai,Toby Pohlen,Co-founder (departed ~February 2026),"Based in London. Master's in CS from RWTH Aachen University (Germany). Worked at Google DeepMind as a research engineer for over six years before co-founding xAI. Departed around February 2026.
",German,
xai,Kyle Kosic,Co-founder (departed; exact date uncertain),"Previously at OpenAI. Limited public information available on personal background. One of the earlier departures from the founding team.
","Uncertain (American, based on available information)",
xai,Guodong Zhang,Co-founder; led Imagine team (departed ~March 2026),"Led xAI's image generation (""Imagine"") team. Previously at Google Brain/DeepMind. Departed around March 2026 during the broader co-founder exodus.
",Chinese (based on available information),
xai,Zihang Dai,Co-founder (departed ~early 2026),"Previously at Google Brain, known for work on Transformer-XL. Departed xAI in early 2026.
",Chinese (based on available information),
xai,Ross Nordeen,Co-founder (still at xAI as of March 2026),"American technology professional. Worked nearly four years at Tesla as a technical program manager focused on supercomputing and ML infrastructure before co-founding xAI. One of only two co-founders remaining as of March 2026.
",American,
xai,Manuel Kroiss,Co-founder (still at xAI as of March 2026),"Limited public information available. One of only two co-founders remaining as of March 2026.
",German (based on name; uncertain),
zyg,Tomer Bar-Zeev,Chairman,Co-founder of ironSource,,
zyg,Omer Kaplan,CEO,Co-founder of ironSource,,
